{
    "parent": "item/handheld",
    "textures": {
        "layer0": "items/iron_sword"
    },
	"overrides": [
		{ "predicate": {"damaged": 0, "damage": 0}, "model": "item/iron_sword"},
		{ "predicate": {"damaged": 0, "damage": 0.984}, "model": "item/iron_sword"},
		{ "predicate": {"damaged": 0, "damage": 0.988}, "model": "item/iron_sword"},
		{ "predicate": {"damaged": 0, "damage": 0.992}, "model": "item/iron_sword"},
		{ "predicate": {"damaged": 0, "damage": 0.996}, "model": "item/model/tool_wrench"},
		{ "predicate": {"damaged": 1, "damage": 0}, "model": "item/iron_sword"}
	]
}
