{
    "parent": "item/handheld",
    "textures": {
        "layer0": "items/stone_sword"
    },
	"overrides": [
		{ "predicate": {"damaged": 0, "damage": 0}, "model": "item/stone_sword"},
		{ "predicate": {"damaged": 0, "damage": 0.916030534351145}, "model": "item/model/part_base"},
		{ "predicate": {"damaged": 0, "damage": 0.9236641221374046}, "model": "item/model/part_rawbase"},
		{ "predicate": {"damaged": 0, "damage": 0.9312977099236641}, "model": "item/model/part_scope"},
		{ "predicate": {"damaged": 0, "damage": 0.9389312977099237}, "model": "item/model/part_battery"},
		{ "predicate": {"damaged": 0, "damage": 0.9465648854961832}, "model": "item/model/part_laser"},
		{ "predicate": {"damaged": 0, "damage": 0.9541984732824427}, "model": "item/model/part_coolant"},
		{ "predicate": {"damaged": 0, "damage": 0.9618320610687023}, "model": "item/model/part_cpu"},
		{ "predicate": {"damaged": 0, "damage": 0.9694656488549618}, "model": "item/model/part_butt"},
		{ "predicate": {"damaged": 0, "damage": 0.9770992366412214}, "model": "item/model/part_trigger"},
		{ "predicate": {"damaged": 0, "damage": 0.9847328244274809}, "model": "item/model/part_handle"},
		{ "predicate": {"damaged": 0, "damage": 0.9923664122137405}, "model": "item/model/part_barrel"},
		{ "predicate": {"damaged": 1, "damage": 0}, "model": "item/stone_sword"}
	]
}
