{
    "parent": "item/handheld",
    "textures": {
        "layer0": "items/wood_sword"
    },
	"overrides": [
		{ "predicate": {"damaged": 0, "damage": 0}, "model": "item/wooden_sword"},
		{ "predicate": {"damaged": 0, "damage": 0.8135593220338983}, "model": "block/screen_blockbench"},
		{ "predicate": {"damaged": 0, "damage": 0.8305084745762712}, "model": "block/screen_idea_dark"},
		{ "predicate": {"damaged": 0, "damage": 0.8474576271186441}, "model": "block/screen_idea"},
		{ "predicate": {"damaged": 0, "damage": 0.8644067796610169}, "model": "block/screen_off"},
		{ "predicate": {"damaged": 0, "damage": 0.8813559322033898}, "model": "block/sign_gfplz"},
		{ "predicate": {"damaged": 0, "damage": 0.8983050847457627}, "model": "block/sign_staff"},
		{ "predicate": {"damaged": 0, "damage": 0.9152542372881356}, "model": "block/sign_oktw"},
		{ "predicate": {"damaged": 0, "damage": 0.9322033898305085}, "model": "block/monitor_staff_only"},
		{ "predicate": {"damaged": 0, "damage": 0.9491525423728814}, "model": "block/monitor_unavailable"},
		{ "predicate": {"damaged": 0, "damage": 0.9661016949152542}, "model": "block/elevator"},
		{ "predicate": {"damaged": 0, "damage": 0.9830508474576271}, "model": "block/ht_crafting_table"},
		{ "predicate": {"damaged": 1, "damage": 0}, "model": "item/wooden_sword"}
	]
}
