{
	"credit": "Made with Blockbench, a free, modern block model editor by JannisX11",
	"textures": {
		"0": "custom/concrete_black",
		"1": "custom/concrete_light_blue",
		"2": "custom/concrete_white",
		"3": "custom/concrete_silver",
		"4": "custom/wool_colored_yellow",
		"5": "custom/portal",
		"particle": "custom/concrete_white"
	},
	"elements": [
		{
			"name": "cube",
			"from": [6.65, 0.25, 11.75],
			"to": [6.75, 7.5, 13],
			"rotation": {
				"angle": -22.5,
				"axis": "x",
				"origin": [5.65, 8, 13.25]
			},
			"faces": {
				"north": {
					"uv": [0, 0, 2.75, 7.25],
					"texture": "#0"
				},
				"east": {"uv": [0, 0, 2, 7.75], "texture": "#0"},
				"south": {
					"uv": [0, 0, 2.75, 7.25],
					"texture": "#0"
				},
				"west": {"uv": [0, 0, 2, 7.25], "texture": "#0"},
				"up": {"uv": [0, 0, 2.75, 2], "texture": "#0"},
				"down": {"uv": [0, 0, 2.75, 2], "texture": "#0"}
			}
		},
		{
			"name": "cube",
			"from": [6.65, 6.830000000000001, 10.934],
			"to": [6.75, 7.53, 13.463999999999999],
			"rotation": {
				"angle": 0,
				"axis": "x",
				"origin": [5.65, 7.58, 12.25]
			},
			"faces": {
				"north": {
					"uv": [0, 0, 2.75, 7.25],
					"texture": "#0"
				},
				"east": {"uv": [0, 0, 8, 1.75], "texture": "#0"},
				"south": {
					"uv": [0, 0, 2.75, 7.25],
					"texture": "#0"
				},
				"west": {"uv": [0, 0, 9, 2.25], "texture": "#0"},
				"up": {"uv": [0, 0, 2.75, 2], "texture": "#0"},
				"down": {"uv": [0, 0, 2.75, 2], "texture": "#0"}
			}
		},
		{
			"name": "cube",
			"from": [9, 6.830000000000001, 10.934],
			"to": [9.1, 7.53, 13.463999999999999],
			"rotation": {
				"angle": 0,
				"axis": "x",
				"origin": [8, 7.58, 12.25]
			},
			"faces": {
				"north": {
					"uv": [0, 0, 2.75, 7.25],
					"texture": "#0"
				},
				"east": {"uv": [0, 0, 8, 1.75], "texture": "#0"},
				"south": {
					"uv": [0, 0, 2.75, 7.25],
					"texture": "#0"
				},
				"west": {"uv": [0, 0, 2, 7.25], "texture": "#0"},
				"up": {"uv": [0, 0, 2.75, 2], "texture": "#0"},
				"down": {"uv": [0, 0, 2.75, 2], "texture": "#0"}
			}
		},
		{
			"name": "cube",
			"from": [6.65, -0.16999999999999993, 10.75],
			"to": [6.75, 7.39, 12],
			"rotation": {
				"angle": -22.5,
				"axis": "x",
				"origin": [5.5, 7.58, 12.25]
			},
			"faces": {
				"north": {
					"uv": [0, 0, 2.75, 7.25],
					"texture": "#0"
				},
				"east": {"uv": [0, 0, 2, 7.75], "texture": "#0"},
				"south": {
					"uv": [0, 0, 2.75, 7.25],
					"texture": "#0"
				},
				"west": {"uv": [0, 0, 2, 7.25], "texture": "#0"},
				"up": {"uv": [0, 0, 2.75, 2], "texture": "#0"},
				"down": {"uv": [0, 0, 2.75, 2], "texture": "#0"}
			}
		},
		{
			"name": "cube",
			"from": [9, -0.16999999999999993, 10.75],
			"to": [9.1, 7.39, 12],
			"rotation": {
				"angle": -22.5,
				"axis": "x",
				"origin": [8, 7.58, 12.25]
			},
			"faces": {
				"north": {
					"uv": [0, 0, 2.75, 7.25],
					"texture": "#0"
				},
				"east": {"uv": [0, 0, 2, 7.75], "texture": "#0"},
				"south": {
					"uv": [0, 0, 2.75, 7.25],
					"texture": "#0"
				},
				"west": {"uv": [0, 0, 2, 7.25], "texture": "#0"},
				"up": {"uv": [0, 0, 2.75, 2], "texture": "#0"},
				"down": {"uv": [0, 0, 2.75, 2], "texture": "#0"}
			}
		},
		{
			"name": "cube",
			"from": [9, 0.25, 11.75],
			"to": [9.1, 7.5, 13],
			"rotation": {
				"angle": -22.5,
				"axis": "x",
				"origin": [8, 8, 13.25]
			},
			"faces": {
				"north": {
					"uv": [0, 0, 2.75, 7.25],
					"texture": "#0"
				},
				"east": {"uv": [0, 0, 2, 7.75], "texture": "#0"},
				"south": {
					"uv": [0, 0, 2.75, 7.25],
					"texture": "#0"
				},
				"west": {"uv": [0, 0, 2, 7.25], "texture": "#0"},
				"up": {"uv": [0, 0, 2.75, 2], "texture": "#0"},
				"down": {"uv": [0, 0, 2.75, 2], "texture": "#0"}
			}
		},
		{
			"name": "cube",
			"from": [6.75, 0.25, 10.5],
			"to": [9, 7.84, 13.25],
			"rotation": {
				"angle": -22.5,
				"axis": "x",
				"origin": [8, 8, 13.25]
			},
			"faces": {
				"north": {
					"uv": [0, 0, 2.25, 7.75],
					"texture": "#2"
				},
				"east": {"uv": [0, 0, 2.5, 7.75], "texture": "#2"},
				"south": {
					"uv": [0, 0, 2.25, 7.75],
					"texture": "#2"
				},
				"west": {"uv": [0, 0, 2.5, 7.75], "texture": "#2"},
				"up": {"uv": [0, 0, 2.25, 2.5], "texture": "#2"},
				"down": {"uv": [0, 0, 2.25, 2.5], "texture": "#2"}
			}
		},
		{
			"name": "cube",
			"from": [6.75, 9.11, 7.25],
			"to": [9, 9.675, 8.11],
			"rotation": {
				"angle": -45,
				"axis": "x",
				"origin": [8, 15.75, 13.25]
			},
			"faces": {
				"north": {
					"uv": [0, 0, 2.25, 0.75],
					"texture": "#2",
					"rotation": 180
				},
				"east": {
					"uv": [0, 0, 0.75, 2],
					"texture": "#2",
					"rotation": 270
				},
				"south": {
					"uv": [0, 0, 2.25, 0.75],
					"texture": "#2"
				},
				"west": {
					"uv": [0, 0, 0.75, 2],
					"texture": "#2",
					"rotation": 90
				},
				"up": {
					"uv": [0, 0, 2.25, 2],
					"texture": "#2",
					"rotation": 180
				},
				"down": {"uv": [0, 0, 2.25, 2], "texture": "#2"}
			}
		},
		{
			"name": "cube",
			"from": [6.75, 6.3, 13.6],
			"to": [9, 6.8999999999999995, 13.915000000000004],
			"rotation": {
				"angle": 0,
				"axis": "x",
				"origin": [8, 12, 7.75]
			},
			"faces": {
				"north": {"uv": [0, 0, 2.25, 2], "texture": "#2"},
				"east": {"uv": [0, 0, 0.75, 2], "texture": "#2"},
				"south": {"uv": [0, 0, 2.25, 2], "texture": "#2"},
				"west": {"uv": [0, 0, 0.75, 2], "texture": "#2"},
				"up": {"uv": [0, 0, 2.25, 0.75], "texture": "#2"},
				"down": {"uv": [0, 0, 2.25, 0.75], "texture": "#2"}
			}
		},
		{
			"name": "cube",
			"from": [6.75, 8.5, 15.964999999999996],
			"to": [9, 9.36, 16.53],
			"rotation": {
				"angle": 22.5,
				"axis": "x",
				"origin": [14, 14.5, 10]
			},
			"faces": {
				"north": {"uv": [0, 0, 2.25, 2], "texture": "#2"},
				"east": {"uv": [0, 0, 0.75, 2], "texture": "#2"},
				"south": {"uv": [0, 0, 2.25, 2], "texture": "#2"},
				"west": {"uv": [0, 0, 0.75, 2], "texture": "#2"},
				"up": {"uv": [0, 0, 2.25, 0.75], "texture": "#2"},
				"down": {"uv": [0, 0, 2.25, 0.75], "texture": "#2"}
			}
		},
		{
			"name": "cube",
			"from": [6.75, 8.97, 10.5],
			"to": [9, 9.535000000000002, 11.61],
			"rotation": {
				"angle": -22.5,
				"axis": "x",
				"origin": [8, 15.5, 16.75]
			},
			"faces": {
				"north": {
					"uv": [0, 0, 2.25, 0.75],
					"texture": "#2",
					"rotation": 180
				},
				"east": {
					"uv": [0, 0, 0.75, 2],
					"texture": "#2",
					"rotation": 270
				},
				"south": {
					"uv": [0, 0, 2.25, 0.75],
					"texture": "#2"
				},
				"west": {
					"uv": [0, 0, 0.75, 2],
					"texture": "#2",
					"rotation": 90
				},
				"up": {
					"uv": [0, 0, 2.25, 2],
					"texture": "#2",
					"rotation": 180
				},
				"down": {"uv": [0, 0, 2.25, 2], "texture": "#2"}
			}
		},
		{
			"name": "cube",
			"from": [6.75, 6.8, 10.769],
			"to": [9, 7.5, 12.519],
			"rotation": {
				"angle": 0,
				"axis": "y",
				"origin": [8, 7.5, 14]
			},
			"faces": {
				"north": {
					"uv": [0, 0, 2.25, 0.75],
					"texture": "#2"
				},
				"east": {"uv": [0, 0, 2.75, 0.75], "texture": "#2"},
				"south": {
					"uv": [0, 0, 2.25, 0.75],
					"texture": "#2"
				},
				"west": {"uv": [0, 0, 2.75, 0.75], "texture": "#2"},
				"up": {"uv": [0, 0, 2.25, 2.75], "texture": "#2"},
				"down": {"uv": [0, 0, 2.25, 2.75], "texture": "#2"}
			}
		},
		{
			"name": "cube",
			"from": [6.699999999999999, 8.5, 4.5],
			"to": [9.049999999999999, 9, 14.25],
			"rotation": {
				"angle": 0,
				"axis": "y",
				"origin": [9.75, 10.25, 14.25]
			},
			"faces": {
				"north": {
					"uv": [1, 7, 16, 8],
					"texture": "#5",
					"rotation": 180
				},
				"east": {
					"uv": [1, 7, 16, 8],
					"texture": "#5",
					"rotation": 180
				},
				"south": {
					"uv": [1, 7, 16, 8],
					"texture": "#5",
					"rotation": 180
				},
				"west": {
					"uv": [1, 7, 16, 8],
					"texture": "#5",
					"rotation": 180
				},
				"up": {
					"uv": [1, 7, 16, 8],
					"texture": "#5",
					"rotation": 180
				},
				"down": {
					"uv": [1, 7, 16, 8],
					"texture": "#5",
					"rotation": 180
				}
			}
		},
		{
			"name": "cube",
			"from": [7, 8.5, 4.5],
			"to": [8.75, 9, 14.25],
			"rotation": {
				"angle": 0,
				"axis": "y",
				"origin": [8, 10.25, 14.25]
			},
			"faces": {
				"north": {"uv": [0, 0, 1, 1], "texture": "#2"},
				"east": {"uv": [0, 0, 1, 1], "texture": "#2"},
				"south": {"uv": [0, 0, 1, 1], "texture": "#2"},
				"west": {"uv": [0, 0, 1, 1], "texture": "#2"},
				"up": {"uv": [0, 0, 1, 1], "texture": "#2"},
				"down": {"uv": [0, 0, 1, 1], "texture": "#2"}
			}
		},
		{
			"name": "cube",
			"from": [9.5, 7, -7.5],
			"to": [10, 7.75, 7.5],
			"rotation": {
				"angle": -45,
				"axis": "z",
				"origin": [9.75, 8.75, 8],
				"rescale": true
			},
			"faces": {
				"north": {"uv": [0, 0, 1, 1], "texture": "#2"},
				"east": {"uv": [0, 0, 1, 1], "texture": "#2"},
				"south": {"uv": [0, 0, 1, 1], "texture": "#2"},
				"west": {"uv": [0, 0, 1, 1], "texture": "#2"},
				"up": {"uv": [0, 0, 1, 1], "texture": "#2"},
				"down": {"uv": [0, 0, 1, 1], "texture": "#2"}
			}
		},
		{
			"name": "cube",
			"from": [8.5, 7, -7.5],
			"to": [9.25, 7.5, 7.5],
			"rotation": {
				"angle": -45,
				"axis": "z",
				"origin": [9, 8.75, 8],
				"rescale": true
			},
			"faces": {
				"north": {"uv": [0, 0, 1, 1], "texture": "#2"},
				"east": {"uv": [0, 0, 1, 1], "texture": "#2"},
				"south": {"uv": [0, 0, 1, 1], "texture": "#2"},
				"west": {"uv": [0, 0, 1, 1], "texture": "#2"},
				"up": {"uv": [0, 0, 1, 1], "texture": "#2"},
				"down": {"uv": [0, 0, 1, 1], "texture": "#2"}
			}
		},
		{
			"name": "cube",
			"from": [8.5, 9.5, -7.5],
			"to": [9, 10.25, -7],
			"rotation": {
				"angle": -45,
				"axis": "z",
				"origin": [9, 11.25, -7],
				"rescale": true
			},
			"faces": {
				"north": {"uv": [0, 0, 1, 1], "texture": "#2"},
				"east": {"uv": [0, 0, 1, 1], "texture": "#2"},
				"south": {"uv": [0, 0, 1, 1], "texture": "#2"},
				"west": {"uv": [0, 0, 1, 1], "texture": "#2"},
				"up": {"uv": [0, 0, 1, 1], "texture": "#2"},
				"down": {"uv": [0, 0, 1, 1], "texture": "#2"}
			}
		},
		{
			"name": "cube",
			"from": [8.5, 9.5, -6.5],
			"to": [9.25, 10.25, -6],
			"rotation": {
				"angle": -45,
				"axis": "z",
				"origin": [9, 11.25, -6.25],
				"rescale": true
			},
			"faces": {
				"north": {"uv": [0, 0, 1, 1], "texture": "#2"},
				"east": {"uv": [0, 0, 1, 1], "texture": "#2"},
				"south": {"uv": [0, 0, 1, 1], "texture": "#2"},
				"west": {"uv": [0, 0, 1, 1], "texture": "#2"},
				"up": {"uv": [0, 0, 1, 1], "texture": "#2"},
				"down": {"uv": [0, 0, 1, 1], "texture": "#2"}
			}
		},
		{
			"name": "cube",
			"from": [8.5, 9.5, -5.5],
			"to": [9.25, 10.25, -5],
			"rotation": {
				"angle": -45,
				"axis": "z",
				"origin": [9, 11.25, -5.25],
				"rescale": true
			},
			"faces": {
				"north": {"uv": [0, 0, 1, 1], "texture": "#2"},
				"east": {"uv": [0, 0, 1, 1], "texture": "#2"},
				"south": {"uv": [0, 0, 1, 1], "texture": "#2"},
				"west": {"uv": [0, 0, 1, 1], "texture": "#2"},
				"up": {"uv": [0, 0, 1, 1], "texture": "#2"},
				"down": {"uv": [0, 0, 1, 1], "texture": "#2"}
			}
		},
		{
			"name": "cube",
			"from": [9.25, 9.75, -7.5],
			"to": [10, 10.25, -7],
			"rotation": {
				"angle": -45,
				"axis": "z",
				"origin": [9.75, 11.25, -7.25],
				"rescale": true
			},
			"faces": {
				"north": {"uv": [0, 0, 1, 1], "texture": "#2"},
				"east": {"uv": [0, 0, 1, 1], "texture": "#2"},
				"south": {"uv": [0, 0, 1, 1], "texture": "#2"},
				"west": {"uv": [0, 0, 1, 1], "texture": "#2"},
				"up": {"uv": [0, 0, 1, 1], "texture": "#2"},
				"down": {"uv": [0, 0, 1, 1], "texture": "#2"}
			}
		},
		{
			"name": "cube",
			"from": [9.25, 9.5, -6.5],
			"to": [10, 10.25, -6],
			"rotation": {
				"angle": -45,
				"axis": "z",
				"origin": [9.75, 11.25, -6.25],
				"rescale": true
			},
			"faces": {
				"north": {"uv": [0, 0, 1, 1], "texture": "#2"},
				"east": {"uv": [0, 0, 1, 1], "texture": "#2"},
				"south": {"uv": [0, 0, 1, 1], "texture": "#2"},
				"west": {"uv": [0, 0, 1, 1], "texture": "#2"},
				"up": {"uv": [0, 0, 1, 1], "texture": "#2"},
				"down": {"uv": [0, 0, 1, 1], "texture": "#2"}
			}
		},
		{
			"name": "cube",
			"from": [9.25, 9.5, -5.5],
			"to": [10, 10.25, -5],
			"rotation": {
				"angle": -45,
				"axis": "z",
				"origin": [9.75, 11.25, -5.25],
				"rescale": true
			},
			"faces": {
				"north": {"uv": [0, 0, 1, 1], "texture": "#2"},
				"east": {"uv": [0, 0, 1, 1], "texture": "#2"},
				"south": {"uv": [0, 0, 1, 1], "texture": "#2"},
				"west": {"uv": [0, 0, 1, 1], "texture": "#2"},
				"up": {"uv": [0, 0, 1, 1], "texture": "#2"},
				"down": {"uv": [0, 0, 1, 1], "texture": "#2"}
			}
		},
		{
			"name": "cube",
			"from": [8.5, 9.25, -7],
			"to": [9.25, 10, -3.5],
			"rotation": {
				"angle": -45,
				"axis": "z",
				"origin": [9, 11, -3.75],
				"rescale": true
			},
			"faces": {
				"north": {"uv": [0, 0, 1, 1], "texture": "#0"},
				"east": {"uv": [0, 0, 1, 1], "texture": "#0"},
				"south": {"uv": [0, 0, 1, 1], "texture": "#0"},
				"west": {"uv": [0, 0, 1, 1], "texture": "#0"},
				"up": {"uv": [0, 0, 1, 1], "texture": "#0"},
				"down": {"uv": [0, 0, 1, 1], "texture": "#0"}
			}
		},
		{
			"name": "cube",
			"from": [9.25, 9.25, -7],
			"to": [10, 10, -3.5],
			"rotation": {
				"angle": -45,
				"axis": "z",
				"origin": [9.75, 11, -3.75],
				"rescale": true
			},
			"faces": {
				"north": {"uv": [0, 0, 1, 1], "texture": "#0"},
				"east": {"uv": [0, 0, 1, 1], "texture": "#0"},
				"south": {"uv": [0, 0, 1, 1], "texture": "#0"},
				"west": {"uv": [0, 0, 1, 1], "texture": "#0"},
				"up": {"uv": [0, 0, 1, 1], "texture": "#0"},
				"down": {"uv": [0, 0, 1, 1], "texture": "#0"}
			}
		},
		{
			"name": "cube",
			"from": [9.25, 9.5, -4.5],
			"to": [10, 10.25, -4],
			"rotation": {
				"angle": -45,
				"axis": "z",
				"origin": [9.75, 11.25, -4.25],
				"rescale": true
			},
			"faces": {
				"north": {"uv": [0, 0, 1, 1], "texture": "#2"},
				"east": {"uv": [0, 0, 1, 1], "texture": "#2"},
				"south": {"uv": [0, 0, 1, 1], "texture": "#2"},
				"west": {"uv": [0, 0, 1, 1], "texture": "#2"},
				"up": {"uv": [0, 0, 1, 1], "texture": "#2"},
				"down": {"uv": [0, 0, 1, 1], "texture": "#2"}
			}
		},
		{
			"name": "cube",
			"from": [8.5, 9.5, -4.5],
			"to": [9.25, 10.25, -4],
			"rotation": {
				"angle": -45,
				"axis": "z",
				"origin": [9, 11.25, -4.25],
				"rescale": true
			},
			"faces": {
				"north": {"uv": [0, 0, 1, 1], "texture": "#2"},
				"east": {"uv": [0, 0, 1, 1], "texture": "#2"},
				"south": {"uv": [0, 0, 1, 1], "texture": "#2"},
				"west": {"uv": [0, 0, 1, 1], "texture": "#2"},
				"up": {"uv": [0, 0, 1, 1], "texture": "#2"},
				"down": {"uv": [0, 0, 1, 1], "texture": "#2"}
			}
		},
		{
			"name": "cube",
			"from": [8.5, 9.5, -3.5],
			"to": [9.25, 10.25, 14.190000000000001],
			"rotation": {
				"angle": -45,
				"axis": "z",
				"origin": [9, 11.25, 8],
				"rescale": true
			},
			"faces": {
				"north": {"uv": [0, 0, 1, 1], "texture": "#2"},
				"east": {"uv": [0, 0, 1, 1], "texture": "#2"},
				"south": {"uv": [0, 0, 1, 1], "texture": "#2"},
				"west": {"uv": [0, 0, 1, 1], "texture": "#2"},
				"up": {"uv": [0, 0, 1, 1], "texture": "#2"},
				"down": {"uv": [0, 0, 1, 1], "texture": "#2"}
			}
		},
		{
			"name": "cube",
			"from": [9.25, 9.5, -3.5],
			"to": [10, 10.25, 14.190000000000001],
			"rotation": {
				"angle": -45,
				"axis": "z",
				"origin": [9.75, 11.25, 8],
				"rescale": true
			},
			"faces": {
				"north": {"uv": [0, 0, 1, 1], "texture": "#2"},
				"east": {"uv": [0, 0, 1, 1], "texture": "#2"},
				"south": {"uv": [0, 0, 1, 1], "texture": "#2"},
				"west": {"uv": [0, 0, 1, 1], "texture": "#2"},
				"up": {"uv": [0, 0, 1, 1], "texture": "#2"},
				"down": {"uv": [0, 0, 1, 1], "texture": "#2"}
			}
		},
		{
			"name": "cube",
			"from": [7.5, 6.75, -7.5],
			"to": [8.25, 7.5, 7.5],
			"rotation": {
				"angle": 0,
				"axis": "y",
				"origin": [8, 8.5, 8]
			},
			"faces": {
				"north": {"uv": [0, 0, 1, 1], "texture": "#2"},
				"east": {"uv": [0, 0, 1, 1], "texture": "#2"},
				"south": {"uv": [0, 0, 1, 1], "texture": "#2"},
				"west": {"uv": [0, 0, 1, 1], "texture": "#2"},
				"up": {"uv": [0, 0, 1, 1], "texture": "#2"},
				"down": {"uv": [0, 0, 1, 1], "texture": "#2"}
			}
		},
		{
			"name": "cube",
			"from": [6.75, 11.2, 11.843],
			"to": [9, 12.01, 13.943000000000001],
			"rotation": {
				"angle": -22.5,
				"axis": "x",
				"origin": [8, 12, 17.25]
			},
			"faces": {
				"north": {"uv": [0, 0, 1, 1], "texture": "#2"},
				"east": {"uv": [0, 0, 1, 1], "texture": "#2"},
				"south": {"uv": [0, 0, 1, 1], "texture": "#2"},
				"west": {"uv": [0, 0, 1, 1], "texture": "#2"},
				"up": {"uv": [0, 0, 1, 1], "texture": "#2"},
				"down": {"uv": [0, 0, 1, 1], "texture": "#2"}
			}
		},
		{
			"name": "cube",
			"from": [7.5, 10, -7.5],
			"to": [8.25, 10.75, 14.190000000000001],
			"rotation": {
				"angle": 0,
				"axis": "y",
				"origin": [8, 11.75, 8]
			},
			"faces": {
				"north": {"uv": [0, 0, 1, 1], "texture": "#2"},
				"east": {"uv": [0, 0, 1, 1], "texture": "#2"},
				"south": {"uv": [0, 0, 1, 1], "texture": "#2"},
				"west": {"uv": [0, 0, 1, 1], "texture": "#2"},
				"up": {"uv": [0, 0, 1, 1], "texture": "#2"},
				"down": {"uv": [0, 0, 1, 1], "texture": "#2"}
			}
		},
		{
			"name": "cube",
			"from": [6.75, 7.5, 14.25],
			"to": [9, 10, 14.5],
			"rotation": {
				"angle": 0,
				"axis": "y",
				"origin": [8, 11.25, 18.25]
			},
			"faces": {
				"north": {"uv": [0, 0, 1, 1], "texture": "#2"},
				"east": {"uv": [0, 0, 1, 1], "texture": "#2"},
				"south": {"uv": [0, 0, 1, 1], "texture": "#2"},
				"west": {"uv": [0, 0, 1, 1], "texture": "#2"},
				"up": {"uv": [0, 0, 1, 1], "texture": "#2"},
				"down": {"uv": [0, 0, 1, 1], "texture": "#2"}
			}
		},
		{
			"name": "cube",
			"from": [6.75, 7.5, 4.5],
			"to": [9, 8.5, 14.25],
			"rotation": {
				"angle": 0,
				"axis": "y",
				"origin": [8, 9, 18]
			},
			"faces": {
				"north": {"uv": [0, 0, 1, 1], "texture": "#2"},
				"east": {"uv": [0, 0, 1, 1], "texture": "#2"},
				"south": {"uv": [0, 0, 1, 1], "texture": "#2"},
				"west": {"uv": [0, 0, 1, 1], "texture": "#2"},
				"up": {"uv": [0, 0, 1, 1], "texture": "#2"},
				"down": {"uv": [0, 0, 1, 1], "texture": "#2"}
			}
		},
		{
			"name": "cube",
			"from": [6.75, 9, 4.5],
			"to": [9, 10, 14.25],
			"rotation": {
				"angle": 0,
				"axis": "y",
				"origin": [8, 10.5, 18]
			},
			"faces": {
				"north": {"uv": [0, 0, 1, 1], "texture": "#2"},
				"east": {"uv": [0, 0, 1, 1], "texture": "#2"},
				"south": {"uv": [0, 0, 1, 1], "texture": "#2"},
				"west": {"uv": [0, 0, 1, 1], "texture": "#2"},
				"up": {"uv": [0, 0, 1, 1], "texture": "#2"},
				"down": {"uv": [0, 0, 1, 1], "texture": "#2"}
			}
		},
		{
			"name": "cube",
			"from": [6.75, 7.5, -7],
			"to": [9, 10, 4.5],
			"rotation": {
				"angle": 0,
				"axis": "y",
				"origin": [8, 10.5, 8]
			},
			"faces": {
				"north": {"uv": [0, 0, 1, 1], "texture": "#2"},
				"east": {"uv": [0, 0, 1, 1], "texture": "#2"},
				"south": {"uv": [0, 0, 1, 1], "texture": "#2"},
				"west": {"uv": [0, 0, 1, 1], "texture": "#2"},
				"up": {"uv": [0, 0, 1, 1], "texture": "#2"},
				"down": {"uv": [0, 0, 1, 1], "texture": "#2"}
			}
		},
		{
			"name": "cube",
			"from": [7.5, 6.75, -7.5],
			"to": [8.25, 7.5, 7.5],
			"rotation": {
				"angle": 0,
				"axis": "y",
				"origin": [8, 8.5, 8]
			},
			"faces": {
				"north": {"uv": [0, 0, 1, 1], "texture": "#2"},
				"east": {"uv": [0, 0, 1, 1], "texture": "#2"},
				"south": {"uv": [0, 0, 1, 1], "texture": "#2"},
				"west": {"uv": [0, 0, 1, 1], "texture": "#2"},
				"up": {"uv": [0, 0, 1, 1], "texture": "#2"},
				"down": {"uv": [0, 0, 1, 1], "texture": "#2"}
			}
		},
		{
			"name": "cube",
			"from": [7.5, 5.25, 9.459],
			"to": [8.25, 5.5, 11.459],
			"rotation": {
				"angle": 0,
				"axis": "x",
				"origin": [8, 8, 10.51]
			},
			"faces": {
				"north": {
					"uv": [0, 0, 0.75, 0.25],
					"texture": "#2"
				},
				"east": {"uv": [0, 0, 2.5, 0.25], "texture": "#2"},
				"south": {
					"uv": [0, 0, 0.75, 0.25],
					"texture": "#2"
				},
				"west": {"uv": [0, 0, 2.5, 0.25], "texture": "#2"},
				"up": {"uv": [0, 0, 0.75, 2.5], "texture": "#2"},
				"down": {"uv": [0, 0, 0.75, 2.5], "texture": "#2"}
			}
		},
		{
			"name": "cube",
			"from": [7.5, 5.29, 9.065],
			"to": [8.25, 5.54, 10.545],
			"rotation": {
				"angle": 22.5,
				"axis": "x",
				"origin": [8, 8, 9.9]
			},
			"faces": {
				"north": {
					"uv": [0, 0, 0.75, 0.25],
					"texture": "#2"
				},
				"east": {"uv": [0, 0, 2.5, 0.25], "texture": "#2"},
				"south": {
					"uv": [0, 0, 0.75, 0.25],
					"texture": "#2"
				},
				"west": {"uv": [0, 0, 2.5, 0.25], "texture": "#2"},
				"up": {"uv": [0, 0, 0.75, 2.5], "texture": "#2"},
				"down": {"uv": [0, 0, 0.75, 2.5], "texture": "#2"}
			}
		},
		{
			"name": "cube",
			"from": [7.5, 5.25, 8.412],
			"to": [8.25, 5.5, 10.342],
			"rotation": {
				"angle": 45,
				"axis": "x",
				"origin": [8, 8.25, 9.9]
			},
			"faces": {
				"north": {
					"uv": [0, 0, 0.75, 0.25],
					"texture": "#2"
				},
				"east": {"uv": [0, 0, 2.5, 0.25], "texture": "#2"},
				"south": {
					"uv": [0, 0, 0.75, 0.25],
					"texture": "#2"
				},
				"west": {"uv": [0, 0, 2.5, 0.25], "texture": "#2"},
				"up": {"uv": [0, 0, 0.75, 2.5], "texture": "#2"},
				"down": {"uv": [0, 0, 0.75, 2.5], "texture": "#2"}
			}
		},
		{
			"name": "cube",
			"from": [7.75, 5.5, 9.75],
			"to": [8, 7.5, 11.5],
			"faces": {
				"north": {"uv": [0, 0, 0.25, 1], "texture": "#3"},
				"east": {"uv": [0, 0, 1.25, 1], "texture": "#3"},
				"south": {"uv": [0, 0, 0.25, 1], "texture": "#3"},
				"west": {"uv": [0, 0, 1.25, 1], "texture": "#3"},
				"up": {"uv": [0, 0, 0.25, 1.25], "texture": "#3"},
				"down": {"uv": [0, 0, 0.25, 1.25], "texture": "#3"}
			}
		},
		{
			"name": "cube",
			"from": [7.75, 4.7, 10.39],
			"to": [8, 5.6499999999999995, 10.690000000000001],
			"rotation": {
				"angle": 22.5,
				"axis": "x",
				"origin": [8, 7.5, 11.9]
			},
			"faces": {
				"north": {
					"uv": [0, 0, 0.25, 1.5],
					"texture": "#3",
					"rotation": 180
				},
				"east": {
					"uv": [0, 0, 1.5, 0.5],
					"texture": "#3",
					"rotation": 270
				},
				"south": {"uv": [0, 0, 0.25, 1.5], "texture": "#3"},
				"west": {
					"uv": [0, 0, 1.5, 0.5],
					"texture": "#3",
					"rotation": 90
				},
				"up": {
					"uv": [0, 0, 0.25, 0.5],
					"texture": "#3",
					"rotation": 180
				},
				"down": {"uv": [0, 0, 0.25, 0.5], "texture": "#3"}
			}
		},
		{
			"name": "cube",
			"from": [7.75, 7, 8.75],
			"to": [8, 8, 9],
			"rotation": {
				"angle": -22.5,
				"axis": "x",
				"origin": [8, 9.5, 10]
			},
			"faces": {
				"north": {
					"uv": [0, 0, 0.25, 1.5],
					"texture": "#3",
					"rotation": 180
				},
				"east": {
					"uv": [0, 0, 1.5, 0.5],
					"texture": "#3",
					"rotation": 270
				},
				"south": {"uv": [0, 0, 0.25, 1.5], "texture": "#3"},
				"west": {
					"uv": [0, 0, 1.5, 0.5],
					"texture": "#3",
					"rotation": 90
				},
				"up": {
					"uv": [0, 0, 0.25, 0.5],
					"texture": "#3",
					"rotation": 180
				},
				"down": {"uv": [0, 0, 0.25, 0.5], "texture": "#3"}
			}
		},
		{
			"name": "cube",
			"from": [8.25, 7.5, -7.5],
			"to": [9, 10, -7],
			"faces": {
				"north": {"uv": [0, 0, 0.75, 2.5], "texture": "#2"},
				"east": {"uv": [0, 0, 0.5, 2.5], "texture": "#2"},
				"south": {"uv": [0, 0, 0.75, 2.5], "texture": "#2"},
				"west": {"uv": [0, 0, 0.5, 2.5], "texture": "#2"},
				"up": {"uv": [0, 0, 0.75, 0.5], "texture": "#2"},
				"down": {"uv": [0, 0, 0.75, 0.5], "texture": "#2"}
			}
		},
		{
			"name": "cube",
			"from": [6.75, 7.5, -7.5],
			"to": [7.5, 10, -7],
			"faces": {
				"north": {"uv": [0, 0, 0.75, 2.5], "texture": "#2"},
				"east": {"uv": [0, 0, 0.5, 2.5], "texture": "#2"},
				"south": {"uv": [0, 0, 0.75, 2.5], "texture": "#2"},
				"west": {"uv": [0, 0, 0.5, 2.5], "texture": "#2"},
				"up": {"uv": [0, 0, 0.75, 0.5], "texture": "#2"},
				"down": {"uv": [0, 0, 0.75, 0.5], "texture": "#2"}
			}
		},
		{
			"name": "cube",
			"from": [7.5, 7.5, -7.25],
			"to": [8.25, 10, -7],
			"faces": {
				"north": {"uv": [9, 0, 13.75, 15], "texture": "#1"},
				"east": {"uv": [0, 0, 0.25, 2], "texture": "#1"},
				"south": {"uv": [0, 0, 0.75, 2], "texture": "#1"},
				"west": {"uv": [0, 0, 0.25, 2], "texture": "#1"},
				"up": {"uv": [0, 0, 0.75, 0.25], "texture": "#1"},
				"down": {"uv": [0, 0, 0.75, 0.25], "texture": "#1"}
			}
		},
		{
			"name": "cube",
			"from": [8.15, 10.25, 17.25],
			"to": [8.25, 11.25, 19.25],
			"rotation": {
				"angle": -22.5,
				"axis": "x",
				"origin": [8.5, -3, 16]
			},
			"faces": {
				"north": {
					"uv": [0, 0, 0.25, 1],
					"texture": "#3",
					"rotation": 180
				},
				"east": {
					"uv": [0, 0, 1, 2],
					"texture": "#3",
					"rotation": 270
				},
				"south": {"uv": [0, 0, 0.25, 1], "texture": "#3"},
				"west": {
					"uv": [0, 0, 1, 2],
					"texture": "#3",
					"rotation": 90
				},
				"up": {
					"uv": [0, 0, 0.25, 2],
					"texture": "#3",
					"rotation": 180
				},
				"down": {"uv": [0, 0, 0.25, 2], "texture": "#3"}
			}
		},
		{
			"name": "cube",
			"from": [7.55, 11, 13.25],
			"to": [7.8, 11.25, 13.5],
			"rotation": {
				"angle": 0,
				"axis": "x",
				"origin": [8, -2.25, 10.5]
			},
			"faces": {
				"north": {
					"uv": [0, 0, 0.25, 0.25],
					"texture": "#4",
					"rotation": 180
				},
				"east": {
					"uv": [0, 0, 0.25, 0.25],
					"texture": "#4",
					"rotation": 270
				},
				"south": {
					"uv": [0, 0, 0.25, 0.25],
					"texture": "#4"
				},
				"west": {
					"uv": [0, 0, 0.25, 0.25],
					"texture": "#4",
					"rotation": 90
				},
				"up": {
					"uv": [0, 0, 0.25, 0.25],
					"texture": "#4",
					"rotation": 180
				},
				"down": {"uv": [0, 0, 0.25, 0.25], "texture": "#4"}
			}
		},
		{
			"name": "cube",
			"from": [7.949999999999999, 11, 13.25],
			"to": [8.2, 11.25, 13.5],
			"rotation": {
				"angle": 0,
				"axis": "x",
				"origin": [8.5, -2.25, 10.5]
			},
			"faces": {
				"north": {
					"uv": [0, 0, 0.25, 0.25],
					"texture": "#4",
					"rotation": 180
				},
				"east": {
					"uv": [0, 0, 0.25, 0.25],
					"texture": "#4",
					"rotation": 270
				},
				"south": {
					"uv": [0, 0, 0.25, 0.25],
					"texture": "#4"
				},
				"west": {
					"uv": [0, 0, 0.25, 0.25],
					"texture": "#4",
					"rotation": 90
				},
				"up": {
					"uv": [0, 0, 0.25, 0.25],
					"texture": "#4",
					"rotation": 180
				},
				"down": {"uv": [0, 0, 0.25, 0.25], "texture": "#4"}
			}
		},
		{
			"name": "cube",
			"from": [7.5, 10.75, 13.25],
			"to": [8.25, 11, 13.5],
			"rotation": {
				"angle": 0,
				"axis": "x",
				"origin": [8, -2.5, 10.5]
			},
			"faces": {
				"north": {
					"uv": [0, 0, 0.75, 0.25],
					"texture": "#3",
					"rotation": 180
				},
				"east": {
					"uv": [0, 0, 0.25, 0.25],
					"texture": "#3",
					"rotation": 270
				},
				"south": {
					"uv": [0, 0, 0.75, 0.25],
					"texture": "#3"
				},
				"west": {
					"uv": [0, 0, 0.25, 0.25],
					"texture": "#3",
					"rotation": 90
				},
				"up": {
					"uv": [0, 0, 0.75, 0.25],
					"texture": "#3",
					"rotation": 180
				},
				"down": {"uv": [0, 0, 0.75, 0.25], "texture": "#3"}
			}
		},
		{
			"name": "cube",
			"from": [7.5, 10.25, 17.25],
			"to": [7.6, 11.25, 19.25],
			"rotation": {
				"angle": -22.5,
				"axis": "x",
				"origin": [7.5, -3, 16]
			},
			"faces": {
				"north": {
					"uv": [0, 0, 0.25, 1],
					"texture": "#3",
					"rotation": 180
				},
				"east": {
					"uv": [0, 0, 1, 2],
					"texture": "#3",
					"rotation": 270
				},
				"south": {"uv": [0, 0, 0.25, 1], "texture": "#3"},
				"west": {
					"uv": [0, 0, 1, 2],
					"texture": "#3",
					"rotation": 90
				},
				"up": {
					"uv": [0, 0, 0.25, 2],
					"texture": "#3",
					"rotation": 180
				},
				"down": {"uv": [0, 0, 0.25, 2], "texture": "#3"}
			}
		},
		{
			"name": "cube",
			"from": [7.75, 5.25, -9.25],
			"to": [8, 5.75, -9],
			"rotation": {
				"angle": 22.5,
				"axis": "x",
				"origin": [8, 2.5, 5.25]
			},
			"faces": {
				"north": {"uv": [0, 0, 0.25, 0.5], "texture": "#4"},
				"east": {"uv": [0, 0, 0.75, 0.5], "texture": "#4"},
				"south": {"uv": [0, 0, 0.25, 0.5], "texture": "#4"},
				"west": {"uv": [0, 0, 0.75, 0.5], "texture": "#4"},
				"up": {"uv": [0, 0, 0.25, 0.75], "texture": "#4"},
				"down": {"uv": [0, 0, 0.25, 0.75], "texture": "#4"}
			}
		},
		{
			"name": "cube",
			"from": [7.75, 5.25, -9],
			"to": [8, 5.75, -8.5],
			"rotation": {
				"angle": 22.5,
				"axis": "x",
				"origin": [8, 2.5, 5.25]
			},
			"faces": {
				"north": {"uv": [0, 0, 0.25, 0.5], "texture": "#3"},
				"east": {"uv": [0, 0, 0.75, 0.5], "texture": "#3"},
				"south": {"uv": [0, 0, 0.25, 0.5], "texture": "#3"},
				"west": {"uv": [0, 0, 0.75, 0.5], "texture": "#3"},
				"up": {"uv": [0, 0, 0.25, 0.75], "texture": "#3"},
				"down": {"uv": [0, 0, 0.25, 0.75], "texture": "#3"}
			}
		}
	],
	"display": {
		"head": {
			"translation": [0, 0, 0],
			"rotation": [0, 0, 0]
		},
		"fixed": {
			"scale": [0.75, 0.75, 0.75],
			"rotation": [0, -90, 0],
			"translation": [-3, 2, 0]
		},
		"gui": {
			"scale": [0.7, 0.7, 0.7],
			"rotation": [60, 60, -60],
			"translation": [2.6, 0.25, 0]
		},
		"thirdperson_righthand": {
			"translation": [0, 1, -0.75],
			"rotation": [0, 0, 0],
			"scale": [0.45, 0.45, 0.45]
		},
		"thirdperson_lefthand": {
			"scale": [0.45, 0.45, 0.45],
			"translation": [0, 1, -0.75]
		},
		"firstperson_righthand": {
			"rotation": [5, 0, 0],
			"translation": [1, 3, 0],
			"scale": [0.6, 0.6, 0.4]
		},
		"firstperson_lefthand": {
			"scale": [0.6, 0.6, 0.4],
			"rotation": [5, 0, 0],
			"translation": [1, 3, 0]
		},
		"ground": {
			"scale": [0.5, 0.5, 0.5],
			"translation": [0, -1, 2],
			"rotation": [0, 0, 90]
		}
	},
	"groups": [
		{
			"name": "handle",
			"isOpen": true,
			"display": {"visibility": true, "autouv": true},
			"children": [0, 1, 2, 3, 4, 5, 6, 7, 8, 9, 10, 11]
		},
		{
			"name": "barrel",
			"isOpen": true,
			"display": {"visibility": true, "autouv": 0},
			"children": [
				12,
				13,
				14,
				15,
				16,
				17,
				18,
				19,
				20,
				21,
				22,
				23,
				24,
				25,
				26,
				27,
				28,
				29,
				30,
				31,
				32,
				33,
				34,
				35
			]
		},
		{
			"name": "trigger",
			"isOpen": false,
			"display": {"visibility": true, "autouv": true},
			"children": [36, 37, 38, 39, 40, 41]
		},
		{
			"name": "muzzle",
			"isOpen": true,
			"display": {"visibility": true, "autouv": true},
			"children": [42, 43, 44]
		},
		{
			"name": "aim",
			"isOpen": true,
			"display": {"visibility": true, "autouv": true},
			"children": [45, 46, 47, 48, 49, 50, 51]
		}
	]
}