{
	"credit": "Made with Blockbench, a free, modern block model editor by JannisX11",
	"textures": {
		"0": "custom/concrete_black",
		"1": "custom/concrete_white",
		"2": "custom/concrete_silver",
		"3": "custom/concrete_light_blue",
		"4": "custom/portal",
		"6": "custom/concrete_red",
		"particle": "custom/concrete_black"
	},
	"elements": [
		{
			"name": "_&/3%6-7A",
			"from": [3.75, 9.75, -16],
			"to": [4, 10, -12],
			"rotation": {
				"angle": 45,
				"axis": "z",
				"origin": [11.5, 14.5, 5.5],
				"rescale": true
			},
			"faces": {
				"north": {
					"uv": [0, 0, 0.5, 0.5],
					"texture": "#0",
					"rotation": 180
				},
				"east": {
					"uv": [0, 0, 13.5, 0.5],
					"texture": "#0",
					"rotation": 180
				},
				"south": {
					"uv": [0, 0, 0.5, 0.5],
					"texture": "#0",
					"rotation": 180
				},
				"west": {
					"uv": [0, 0, 13.5, 0.5],
					"texture": "#0",
					"rotation": 180
				},
				"up": {"uv": [0, 0, 0.5, 13.5], "texture": "#0"},
				"down": {
					"uv": [0, 0, 0.5, 0.5],
					"texture": "#0",
					"rotation": 90
				}
			}
		},
		{
			"name": "_&/3%6-7A",
			"from": [2.75, 9.75, -16],
			"to": [3, 10, -12],
			"rotation": {
				"angle": 45,
				"axis": "z",
				"origin": [10.5, 14.5, 5.5],
				"rescale": true
			},
			"faces": {
				"north": {
					"uv": [0, 0, 0.5, 0.5],
					"texture": "#0",
					"rotation": 180
				},
				"east": {
					"uv": [0, 0, 13.5, 0.5],
					"texture": "#0",
					"rotation": 180
				},
				"south": {
					"uv": [0, 0, 0.5, 0.5],
					"texture": "#0",
					"rotation": 180
				},
				"west": {
					"uv": [0, 0, 0.5, 0.5],
					"texture": "#0",
					"rotation": 180
				},
				"up": {"uv": [0, 0, 0.5, 13.5], "texture": "#0"},
				"down": {"uv": [0, 0, 0.5, 13.5], "texture": "#0"}
			}
		},
		{
			"name": "_&/3%6-7A",
			"from": [2.75, 10.75, -16],
			"to": [3, 11, -12],
			"rotation": {
				"angle": 45,
				"axis": "z",
				"origin": [10.5, 15.5, 5.5],
				"rescale": true
			},
			"faces": {
				"north": {
					"uv": [0, 0, 0.5, 0.5],
					"texture": "#0",
					"rotation": 180
				},
				"east": {
					"uv": [0, 0, 13.5, 0.5],
					"texture": "#0",
					"rotation": 180
				},
				"south": {
					"uv": [0, 0, 0.5, 0.5],
					"texture": "#0",
					"rotation": 180
				},
				"west": {
					"uv": [0, 0, 13.5, 0.5],
					"texture": "#0",
					"rotation": 180
				},
				"up": {
					"uv": [0, 0, 0.5, 0.5],
					"texture": "#0",
					"rotation": 90
				},
				"down": {"uv": [0, 0, 0.5, 13.5], "texture": "#0"}
			}
		},
		{
			"name": "_&/3%6-7A",
			"from": [3.75, 10.75, -16],
			"to": [4, 11, -12],
			"rotation": {
				"angle": 45,
				"axis": "z",
				"origin": [11.5, 15.5, 5.5],
				"rescale": true
			},
			"faces": {
				"north": {
					"uv": [0, 0, 0.5, 0.5],
					"texture": "#0",
					"rotation": 180
				},
				"east": {"uv": [0, 0, 0.5, 0.5], "texture": "#0"},
				"south": {
					"uv": [0, 0, 0.5, 0.5],
					"texture": "#0",
					"rotation": 180
				},
				"west": {
					"uv": [0, 0, 13.5, 0.5],
					"texture": "#0",
					"rotation": 180
				},
				"up": {"uv": [0, 0, 0.5, 13.5], "texture": "#0"},
				"down": {"uv": [0, 0, 0.5, 13.5], "texture": "#0"}
			}
		},
		{
			"name": "_&/3%6-7A",
			"from": [7.5, 3.000000000000001, -16],
			"to": [8.5, 3.500000000000001, -12],
			"rotation": {
				"angle": 0,
				"axis": "z",
				"origin": [15, 8.75, 4]
			},
			"faces": {
				"north": {
					"uv": [0, 0, 0.5, 0.5],
					"texture": "#0",
					"rotation": 180
				},
				"east": {
					"uv": [0, 0, 13.5, 0.5],
					"texture": "#0",
					"rotation": 180
				},
				"south": {
					"uv": [0, 0, 0.5, 0.5],
					"texture": "#0",
					"rotation": 180
				},
				"west": {
					"uv": [0, 0, 13.5, 0.5],
					"texture": "#0",
					"rotation": 180
				},
				"up": {
					"uv": [0, 0, 0.5, 0.5],
					"texture": "#0",
					"rotation": 90
				},
				"down": {"uv": [0, 0, 0.5, 13.5], "texture": "#0"}
			}
		},
		{
			"name": "_&/3%6-7A",
			"from": [7.5, 2.000000000000001, -16],
			"to": [8.5, 2.500000000000001, -12],
			"rotation": {
				"angle": 0,
				"axis": "z",
				"origin": [15, 7.75, 4]
			},
			"faces": {
				"north": {
					"uv": [0, 0, 0.5, 0.5],
					"texture": "#0",
					"rotation": 180
				},
				"east": {
					"uv": [0, 0, 13.5, 0.5],
					"texture": "#0",
					"rotation": 180
				},
				"south": {
					"uv": [0, 0, 0.5, 0.5],
					"texture": "#0",
					"rotation": 180
				},
				"west": {
					"uv": [0, 0, 13.5, 0.5],
					"texture": "#0",
					"rotation": 180
				},
				"up": {"uv": [0, 0, 0.5, 13.5], "texture": "#0"},
				"down": {"uv": [0, 0, 0.5, 0.5], "texture": "#0"}
			}
		},
		{
			"name": "_&/3%6-7A",
			"from": [7.75, 2.500000000000001, -15.5],
			"to": [8.25, 3.000000000000001, -12],
			"rotation": {
				"angle": 0,
				"axis": "z",
				"origin": [15.5, 7.75, 4]
			},
			"faces": {
				"north": {
					"uv": [0, 0, 10, 10],
					"texture": "#3",
					"rotation": 180
				},
				"east": {
					"uv": [0, 0, 13.5, 0.5],
					"texture": "#3",
					"rotation": 180
				},
				"south": {
					"uv": [0, 0, 0.5, 0.5],
					"texture": "#3",
					"rotation": 180
				},
				"west": {
					"uv": [0, 0, 13.5, 0.5],
					"texture": "#3",
					"rotation": 180
				},
				"up": {"uv": [0, 0, 0.5, 13.5], "texture": "#3"},
				"down": {"uv": [0, 0, 0.5, 13.5], "texture": "#3"}
			}
		},
		{
			"name": "_&/3%6-7A",
			"from": [7.25, 2.250000000000001, -16],
			"to": [7.75, 3.250000000000001, -12],
			"rotation": {
				"angle": 0,
				"axis": "z",
				"origin": [15, 7.75, 4]
			},
			"faces": {
				"north": {
					"uv": [0, 0, 0.5, 0.5],
					"texture": "#0",
					"rotation": 180
				},
				"east": {
					"uv": [0, 0, 13.5, 0.5],
					"texture": "#0",
					"rotation": 180
				},
				"south": {
					"uv": [0, 0, 0.5, 0.5],
					"texture": "#0",
					"rotation": 180
				},
				"west": {
					"uv": [0, 0, 0.5, 0.5],
					"texture": "#0",
					"rotation": 90
				},
				"up": {"uv": [0, 0, 0.5, 13.5], "texture": "#0"},
				"down": {"uv": [0, 0, 0.5, 13.5], "texture": "#0"}
			}
		},
		{
			"name": "_&/3%6-7A",
			"from": [8.25, 2.250000000000001, -16],
			"to": [8.75, 3.250000000000001, -12],
			"rotation": {
				"angle": 0,
				"axis": "z",
				"origin": [16, 7.75, 4]
			},
			"faces": {
				"north": {
					"uv": [0, 0, 0.5, 0.5],
					"texture": "#0",
					"rotation": 180
				},
				"east": {
					"uv": [0, 0, 0.5, 0.5],
					"texture": "#0",
					"rotation": 90
				},
				"south": {
					"uv": [0, 0, 0.5, 0.5],
					"texture": "#0",
					"rotation": 180
				},
				"west": {
					"uv": [0, 0, 13.5, 0.5],
					"texture": "#0",
					"rotation": 180
				},
				"up": {"uv": [0, 0, 0.5, 13.5], "texture": "#0"},
				"down": {"uv": [0, 0, 0.5, 13.5], "texture": "#0"}
			}
		},
		{
			"name": "_&/3%6-7A",
			"from": [3.25, 10, -12],
			"to": [3.5, 10.25, 7],
			"rotation": {
				"angle": 45,
				"axis": "z",
				"origin": [11, 15, 8],
				"rescale": true
			},
			"faces": {
				"north": {
					"uv": [0, 0, 0.5, 0.5],
					"texture": "#1",
					"rotation": 180
				},
				"east": {
					"uv": [0, 0, 13.5, 0.5],
					"texture": "#1",
					"rotation": 180
				},
				"south": {
					"uv": [0, 0, 0.5, 0.5],
					"texture": "#1",
					"rotation": 180
				},
				"west": {
					"uv": [0, 0, 13.5, 0.5],
					"texture": "#1",
					"rotation": 180
				},
				"up": {"uv": [0, 0, 0.5, 13.5], "texture": "#1"},
				"down": {"uv": [0, 0, 0.5, 13.5], "texture": "#1"}
			}
		},
		{
			"name": "_&/3%6-7A",
			"from": [2.75, 10, -12],
			"to": [3, 10.25, 7],
			"rotation": {
				"angle": 45,
				"axis": "z",
				"origin": [10.5, 15, 8],
				"rescale": true
			},
			"faces": {
				"north": {
					"uv": [0, 0, 0.5, 0.5],
					"texture": "#1",
					"rotation": 180
				},
				"east": {
					"uv": [0, 0, 13.5, 0.5],
					"texture": "#1",
					"rotation": 180
				},
				"south": {
					"uv": [0, 0, 0.5, 0.5],
					"texture": "#1",
					"rotation": 180
				},
				"west": {
					"uv": [0, 0, 13.5, 0.5],
					"texture": "#1",
					"rotation": 180
				},
				"up": {"uv": [0, 0, 0.5, 13.5], "texture": "#1"},
				"down": {"uv": [0, 0, 0.5, 13.5], "texture": "#1"}
			}
		},
		{
			"name": "_&/3%6-7A",
			"from": [2.75, 10.5, -12],
			"to": [3, 10.75, 7],
			"rotation": {
				"angle": 45,
				"axis": "z",
				"origin": [10.5, 15.5, 8],
				"rescale": true
			},
			"faces": {
				"north": {
					"uv": [0, 0, 0.5, 0.5],
					"texture": "#1",
					"rotation": 180
				},
				"east": {
					"uv": [0, 0, 13.5, 0.5],
					"texture": "#1",
					"rotation": 180
				},
				"south": {
					"uv": [0, 0, 0.5, 0.5],
					"texture": "#1",
					"rotation": 180
				},
				"west": {
					"uv": [0, 0, 13.5, 0.5],
					"texture": "#1",
					"rotation": 180
				},
				"up": {"uv": [0, 0, 0.5, 13.5], "texture": "#1"},
				"down": {"uv": [0, 0, 0.5, 13.5], "texture": "#1"}
			}
		},
		{
			"name": "_&/3%6-7A",
			"from": [3.25, 10.5, -12],
			"to": [3.5, 10.75, 7],
			"rotation": {
				"angle": 45,
				"axis": "z",
				"origin": [11, 15.5, 8],
				"rescale": true
			},
			"faces": {
				"north": {
					"uv": [0, 0, 0.5, 0.5],
					"texture": "#1",
					"rotation": 180
				},
				"east": {
					"uv": [0, 0, 13.5, 0.5],
					"texture": "#1",
					"rotation": 180
				},
				"south": {
					"uv": [0, 0, 0.5, 0.5],
					"texture": "#1",
					"rotation": 180
				},
				"west": {
					"uv": [0, 0, 13.5, 0.5],
					"texture": "#1",
					"rotation": 180
				},
				"up": {"uv": [0, 0, 0.5, 13.5], "texture": "#1"},
				"down": {"uv": [0, 0, 0.5, 13.5], "texture": "#1"}
			}
		},
		{
			"name": "_&/3%6-7A",
			"from": [7.5, 2.500000000000001, -12],
			"to": [8.5, 3.000000000000001, 7],
			"rotation": {
				"angle": 0,
				"axis": "z",
				"origin": [16, 7.75, 8]
			},
			"faces": {
				"north": {
					"uv": [0, 0, 0.5, 0.5],
					"texture": "#1",
					"rotation": 180
				},
				"east": {
					"uv": [0, 0, 13.5, 0.5],
					"texture": "#1",
					"rotation": 180
				},
				"south": {
					"uv": [0, 0, 0.5, 0.5],
					"texture": "#1",
					"rotation": 180
				},
				"west": {
					"uv": [0, 0, 13.5, 0.5],
					"texture": "#1",
					"rotation": 180
				},
				"up": {"uv": [0, 0, 0.5, 13.5], "texture": "#1"},
				"down": {"uv": [0, 0, 0.5, 13.5], "texture": "#1"}
			}
		},
		{
			"name": "_&/3%6-7A",
			"from": [7.75, 2.250000000000001, -12],
			"to": [8.25, 3.250000000000001, 7],
			"rotation": {
				"angle": 0,
				"axis": "z",
				"origin": [16, 7.75, 8]
			},
			"faces": {
				"north": {
					"uv": [0, 0, 0.5, 0.5],
					"texture": "#1",
					"rotation": 180
				},
				"east": {
					"uv": [0, 0, 13.5, 0.5],
					"texture": "#1",
					"rotation": 180
				},
				"south": {
					"uv": [0, 0, 0.5, 0.5],
					"texture": "#1",
					"rotation": 180
				},
				"west": {
					"uv": [0, 0, 13.5, 0.5],
					"texture": "#1",
					"rotation": 180
				},
				"up": {"uv": [0, 0, 0.5, 13.5], "texture": "#1"},
				"down": {"uv": [0, 0, 0.5, 13.5], "texture": "#1"}
			}
		},
		{
			"name": "cube",
			"from": [7.6875, 2.7535, 18.675],
			"to": [8.3075, 3.5035, 20.175],
			"rotation": {
				"angle": 22.5,
				"axis": "x",
				"origin": [7.9375, 7.503499999999999, 19.175]
			},
			"faces": {
				"north": {
					"uv": [0, 0, 0.6199999999999992, 0.75],
					"texture": "#2"
				},
				"east": {"uv": [0, 0, 2, 0.75], "texture": "#2"},
				"south": {
					"uv": [0, 0, 0.6199999999999992, 0.75],
					"texture": "#2"
				},
				"west": {"uv": [0, 0, 2, 0.75], "texture": "#2"},
				"up": {
					"uv": [0, 0, 0.6199999999999992, 2],
					"texture": "#2"
				},
				"down": {
					"uv": [0, 0, 0.6199999999999992, 2],
					"texture": "#2"
				}
			}
		},
		{
			"name": "cube",
			"from": [7.6875, 5.721, 4.93],
			"to": [8.3075, 6.221, 5.58],
			"rotation": {
				"angle": -22.5,
				"axis": "x",
				"origin": [7.9375, 10.221, 12.179999999999998]
			},
			"faces": {
				"north": {"uv": [0, 0, 1, 1], "texture": "#2"},
				"east": {"uv": [0, 0, 1, 1], "texture": "#2"},
				"south": {"uv": [0, 0, 1, 1], "texture": "#2"},
				"west": {"uv": [0, 0, 1, 1], "texture": "#2"},
				"up": {"uv": [0, 0, 1, 1], "texture": "#2"},
				"down": {"uv": [0, 0, 1, 1], "texture": "#2"}
			}
		},
		{
			"name": "cube",
			"from": [7.6875, 3.75, 7.614000000000001],
			"to": [8.3075, 4, 17.184],
			"rotation": {
				"angle": 0,
				"axis": "y",
				"origin": [7.9375, 8, 14.864]
			},
			"faces": {
				"north": {"uv": [0, 0, 1, 1], "texture": "#2"},
				"east": {"uv": [0, 0, 1, 1], "texture": "#2"},
				"south": {"uv": [0, 0, 1, 1], "texture": "#2"},
				"west": {"uv": [0, 0, 1, 1], "texture": "#2"},
				"up": {"uv": [0, 0, 1, 1], "texture": "#2"},
				"down": {"uv": [0, 0, 1, 1], "texture": "#2"}
			}
		},
		{
			"name": "cube",
			"from": [7.5, -3.414999999999999, 17.666],
			"to": [8.5, -3.164999999999999, 19.166],
			"rotation": {
				"angle": -22.5,
				"axis": "x",
				"origin": [8, 5.987000000000002, 17.416]
			},
			"faces": {
				"north": {"uv": [0, 0, 1, 3], "texture": "#2"},
				"east": {"uv": [0, 0, 1.5, 3], "texture": "#2"},
				"south": {"uv": [0, 0, 1, 3], "texture": "#2"},
				"west": {"uv": [0, 0, 1.5, 3], "texture": "#2"},
				"up": {"uv": [0, 0, 1, 1.5], "texture": "#2"},
				"down": {"uv": [0, 0, 1, 1.5], "texture": "#2"}
			}
		},
		{
			"name": "cube",
			"from": [7.5, -3.1649999999999996, 18.416],
			"to": [8.5, -0.30500000000000016, 19.166],
			"rotation": {
				"angle": -22.5,
				"axis": "x",
				"origin": [8, 5.987000000000002, 17.416]
			},
			"faces": {
				"north": {"uv": [0, 0, 1, 1], "texture": "#0"},
				"east": {"uv": [0, 0, 1, 1], "texture": "#0"},
				"south": {"uv": [0, 0, 1, 1], "texture": "#0"},
				"west": {"uv": [0, 0, 1, 1], "texture": "#0"},
				"up": {"uv": [0, 0, 1, 1], "texture": "#0"},
				"down": {"uv": [0, 0, 1, 1], "texture": "#0"}
			}
		},
		{
			"name": "cube",
			"from": [7.5, -3.165, 17.666],
			"to": [8.5, -0.16500000000000004, 18.416],
			"rotation": {
				"angle": -22.5,
				"axis": "x",
				"origin": [8, 5.987000000000002, 17.416]
			},
			"faces": {
				"north": {"uv": [0, 0, 1, 3], "texture": "#2"},
				"east": {"uv": [0, 0, 1.5, 3], "texture": "#2"},
				"south": {"uv": [0, 0, 1, 3], "texture": "#2"},
				"west": {"uv": [0, 0, 1.5, 3], "texture": "#2"},
				"up": {"uv": [0, 0, 1, 1.5], "texture": "#2"},
				"down": {"uv": [0, 0, 1, 1.5], "texture": "#2"}
			}
		},
		{
			"name": "cube",
			"from": [7.5, 0.55, 20.75],
			"to": [8.5, 1.8, 21.5],
			"rotation": {
				"angle": 0,
				"axis": "y",
				"origin": [8, 8, 19.75]
			},
			"faces": {
				"north": {"uv": [0, 0, 1, 1], "texture": "#0"},
				"east": {"uv": [0, 0, 1, 1], "texture": "#0"},
				"south": {"uv": [0, 0, 1, 1], "texture": "#0"},
				"west": {"uv": [0, 0, 1, 1], "texture": "#0"},
				"up": {"uv": [0, 0, 1, 1], "texture": "#0"},
				"down": {"uv": [0, 0, 1, 1], "texture": "#0"}
			}
		},
		{
			"name": "cube",
			"from": [7.5, 1.5, 17.785],
			"to": [8.5, 2, 20.035],
			"rotation": {
				"angle": 0,
				"axis": "y",
				"origin": [8, 8, 19]
			},
			"faces": {
				"north": {"uv": [0, 0, 1, 1], "texture": "#2"},
				"east": {"uv": [0, 0, 1, 1], "texture": "#2"},
				"south": {"uv": [0, 0, 1, 1], "texture": "#2"},
				"west": {"uv": [0, 0, 1, 1], "texture": "#2"},
				"up": {"uv": [0, 0, 1, 1], "texture": "#2"},
				"down": {"uv": [0, 0, 1, 1], "texture": "#2"}
			}
		},
		{
			"name": "cube",
			"from": [7.5, 0.3999999999999999, 20],
			"to": [8.5, 2.15, 20.75],
			"rotation": {
				"angle": 0,
				"axis": "y",
				"origin": [8, 8, 19.75]
			},
			"faces": {
				"north": {"uv": [0, 0, 1, 1], "texture": "#2"},
				"east": {"uv": [0, 0, 1, 1], "texture": "#2"},
				"south": {"uv": [0, 0, 1, 1], "texture": "#2"},
				"west": {"uv": [0, 0, 1, 1], "texture": "#2"},
				"up": {"uv": [0, 0, 1, 1], "texture": "#2"},
				"down": {"uv": [0, 0, 1, 1], "texture": "#2"}
			}
		},
		{
			"name": "cube",
			"from": [7.75, 1.75, -7.25],
			"to": [8.25, 2, 7],
			"rotation": {
				"angle": 0,
				"axis": "y",
				"origin": [8, 6.75, -2.25]
			},
			"faces": {
				"north": {"uv": [0, 0, 0.5, 0.25], "texture": "#2"},
				"east": {"uv": [0, 0, 7.25, 0.25], "texture": "#2"},
				"south": {"uv": [0, 0, 0.5, 0.25], "texture": "#2"},
				"west": {"uv": [0, 0, 7.25, 0.25], "texture": "#2"},
				"up": {"uv": [0, 0, 0.5, 7.25], "texture": "#2"},
				"down": {"uv": [0, 0, 0.5, 7.25], "texture": "#2"}
			}
		},
		{
			"name": "cube",
			"from": [12.25, 2.75, 17.75],
			"to": [12.5, 3, 22.5],
			"rotation": {
				"angle": -45,
				"axis": "z",
				"origin": [12.75, 7.75, 12.75],
				"rescale": true
			},
			"faces": {
				"north": {"uv": [0, 0, 1, 1], "texture": "#2"},
				"east": {"uv": [0, 0, 1, 1], "texture": "#2"},
				"south": {"uv": [0, 0, 1, 1], "texture": "#2"},
				"west": {"uv": [0, 0, 1, 1], "texture": "#2"},
				"up": {"uv": [0, 0, 1, 1], "texture": "#2"},
				"down": {"uv": [0, 0, 1, 1], "texture": "#2"}
			}
		},
		{
			"name": "cube",
			"from": [3.5, 2.75, 17.75],
			"to": [3.75, 3, 22.5],
			"rotation": {
				"angle": 45,
				"axis": "z",
				"origin": [3.25, 7.75, 12.75],
				"rescale": true
			},
			"faces": {
				"north": {"uv": [0, 0, 1, 1], "texture": "#2"},
				"east": {"uv": [0, 0, 1, 1], "texture": "#2"},
				"south": {"uv": [0, 0, 1, 1], "texture": "#2"},
				"west": {"uv": [0, 0, 1, 1], "texture": "#2"},
				"up": {"uv": [0, 0, 1, 1], "texture": "#2"},
				"down": {"uv": [0, 0, 1, 1], "texture": "#2"}
			}
		},
		{
			"name": "cube",
			"from": [7.5, 3.25, 17.75],
			"to": [8.5, 3.5, 22.5],
			"rotation": {
				"angle": 0,
				"axis": "y",
				"origin": [8, 8.25, 12.75]
			},
			"faces": {
				"north": {"uv": [0, 0, 1, 1], "texture": "#2"},
				"east": {"uv": [0, 0, 1, 1], "texture": "#2"},
				"south": {"uv": [0, 0, 1, 1], "texture": "#2"},
				"west": {"uv": [0, 0, 1, 1], "texture": "#2"},
				"up": {"uv": [0, 0, 1, 1], "texture": "#2"},
				"down": {"uv": [0, 0, 1, 1], "texture": "#2"}
			}
		},
		{
			"name": "cube",
			"from": [13.25, 1.5, 17.75],
			"to": [13.5, 1.75, 22.75],
			"rotation": {
				"angle": -45,
				"axis": "z",
				"origin": [13.75, 7.5, 12.75],
				"rescale": true
			},
			"faces": {
				"north": {"uv": [0, 0, 1, 1], "texture": "#2"},
				"east": {"uv": [0, 0, 1, 1], "texture": "#2"},
				"south": {"uv": [0, 0, 1, 1], "texture": "#2"},
				"west": {"uv": [0, 0, 1, 1], "texture": "#2"},
				"up": {"uv": [0, 0, 1, 1], "texture": "#2"},
				"down": {"uv": [0, 0, 1, 1], "texture": "#2"}
			}
		},
		{
			"name": "cube",
			"from": [2.5, 1.5, 17.75],
			"to": [2.75, 1.75, 22.75],
			"rotation": {
				"angle": 45,
				"axis": "z",
				"origin": [2.25, 7.5, 12.75],
				"rescale": true
			},
			"faces": {
				"north": {"uv": [0, 0, 1, 1], "texture": "#2"},
				"east": {"uv": [0, 0, 1, 1], "texture": "#2"},
				"south": {"uv": [0, 0, 1, 1], "texture": "#2"},
				"west": {"uv": [0, 0, 1, 1], "texture": "#2"},
				"up": {"uv": [0, 0, 1, 1], "texture": "#2"},
				"down": {"uv": [0, 0, 1, 1], "texture": "#2"}
			}
		},
		{
			"name": "cube",
			"from": [7.5, 1.75, 17.75],
			"to": [8.5, 2, 22.75],
			"rotation": {
				"angle": 0,
				"axis": "y",
				"origin": [8, 7.75, 12.75]
			},
			"faces": {
				"north": {"uv": [0, 0, 1, 1], "texture": "#2"},
				"east": {"uv": [0, 0, 1, 1], "texture": "#2"},
				"south": {"uv": [0, 0, 1, 1], "texture": "#2"},
				"west": {"uv": [0, 0, 1, 1], "texture": "#2"},
				"up": {"uv": [0, 0, 1, 1], "texture": "#2"},
				"down": {"uv": [0, 0, 1, 1], "texture": "#2"}
			}
		},
		{
			"name": "cube",
			"from": [7.200000000000001, 2.5, 18.25],
			"to": [8.8, 2.75, 22],
			"rotation": {
				"angle": 0,
				"axis": "y",
				"origin": [7.9, 8, 12.75]
			},
			"faces": {
				"north": {"uv": [0, 0, 8, 1], "texture": "#4"},
				"east": {"uv": [0, 0, 8, 1], "texture": "#4"},
				"south": {"uv": [0, 0, 8, 1], "texture": "#4"},
				"west": {
					"uv": [0, 0, 8, 1],
					"texture": "#4",
					"rotation": 180
				},
				"up": {
					"uv": [5, 7, 13, 8],
					"texture": "#4",
					"rotation": 180
				},
				"down": {"uv": [0, 0, 8, 1], "texture": "#4"}
			}
		},
		{
			"name": "cube",
			"from": [7.25, 2, 17.75],
			"to": [8.75, 3.25, 22.5],
			"rotation": {
				"angle": 0,
				"axis": "y",
				"origin": [8, 8, 12.75]
			},
			"faces": {
				"north": {"uv": [0, 0, 1, 1], "texture": "#2"},
				"east": {"uv": [0, 0, 1, 1], "texture": "#2"},
				"south": {"uv": [0, 0, 1, 1], "texture": "#2"},
				"west": {"uv": [0, 0, 1, 1], "texture": "#2"},
				"up": {"uv": [0, 0, 1, 1], "texture": "#2"},
				"down": {"uv": [0, 0, 1, 1], "texture": "#2"}
			}
		},
		{
			"name": "cube",
			"from": [7.625, 5.485, 25.75],
			"to": [8.375, 5.735, 27.265],
			"rotation": {
				"angle": 45,
				"axis": "x",
				"origin": [8, 13.235, 16.65]
			},
			"faces": {
				"north": {"uv": [0, 0, 1, 1], "texture": "#2"},
				"east": {"uv": [0, 0, 1, 1], "texture": "#2"},
				"south": {"uv": [0, 0, 1, 1], "texture": "#2"},
				"west": {"uv": [0, 0, 1, 1], "texture": "#2"},
				"up": {"uv": [0, 0, 1, 1], "texture": "#2"},
				"down": {"uv": [0, 0, 1, 1], "texture": "#2"}
			}
		},
		{
			"name": "cube",
			"from": [7.625, 0.25, 18.675],
			"to": [8.375, 0.5, 20.360000000000003],
			"faces": {
				"north": {"uv": [0, 0, 1, 1], "texture": "#2"},
				"east": {"uv": [0, 0, 1, 1], "texture": "#2"},
				"south": {"uv": [0, 0, 1, 1], "texture": "#2"},
				"west": {"uv": [0, 0, 1, 1], "texture": "#2"},
				"up": {"uv": [0, 0, 1, 1], "texture": "#2"},
				"down": {"uv": [0, 0, 1, 1], "texture": "#2"}
			}
		},
		{
			"name": "cube",
			"from": [7.625, 1.25, 7.600000000000001],
			"to": [8.375, 1.5, 17.785000000000004],
			"faces": {
				"north": {"uv": [0, 0, 1, 1], "texture": "#2"},
				"east": {"uv": [0, 0, 1, 1], "texture": "#2"},
				"south": {"uv": [0, 0, 1, 1], "texture": "#2"},
				"west": {"uv": [0, 0, 1, 1], "texture": "#2"},
				"up": {"uv": [0, 0, 1, 1], "texture": "#2"},
				"down": {"uv": [0, 0, 1, 1], "texture": "#2"}
			}
		},
		{
			"name": "cube",
			"from": [7.625, 0.8900000000000001, 9.57],
			"to": [8.375, 1.3900000000000001, 10.22],
			"rotation": {
				"angle": 22.5,
				"axis": "x",
				"origin": [8, 7.64, 9.815000000000001]
			},
			"faces": {
				"north": {"uv": [0, 0, 1, 1], "texture": "#2"},
				"east": {"uv": [0, 0, 1, 1], "texture": "#2"},
				"south": {"uv": [0, 0, 1, 1], "texture": "#2"},
				"west": {"uv": [0, 0, 1, 1], "texture": "#2"},
				"up": {"uv": [0, 0, 1, 1], "texture": "#2"},
				"down": {"uv": [0, 0, 1, 1], "texture": "#2"}
			}
		},
		{
			"name": "cube",
			"from": [6, 3.65, 12.75],
			"to": [6.1, 3.75, 16.25],
			"rotation": {
				"angle": 45,
				"axis": "z",
				"origin": [5.5, 6.15, 8],
				"rescale": true
			},
			"faces": {
				"north": {"uv": [0, 0, 1, 1], "texture": "#2"},
				"east": {"uv": [0, 0, 1, 1], "texture": "#2"},
				"south": {"uv": [0, 0, 1, 1], "texture": "#2"},
				"west": {"uv": [0, 0, 1, 1], "texture": "#2"},
				"up": {"uv": [0, 0, 1, 1], "texture": "#0"},
				"down": {"uv": [0, 0, 1, 1], "texture": "#2"}
			}
		},
		{
			"name": "cube",
			"from": [5, 3.65, 12.75],
			"to": [5.1, 3.75, 16.25],
			"rotation": {
				"angle": 45,
				"axis": "z",
				"origin": [4.5, 6.15, 8],
				"rescale": true
			},
			"faces": {
				"north": {"uv": [0, 0, 1, 1], "texture": "#2"},
				"east": {"uv": [0, 0, 1, 1], "texture": "#0"},
				"south": {"uv": [0, 0, 1, 1], "texture": "#2"},
				"west": {"uv": [0, 0, 1, 1], "texture": "#2"},
				"up": {"uv": [0, 0, 1, 1], "texture": "#2"},
				"down": {"uv": [0, 0, 1, 1], "texture": "#2"}
			}
		},
		{
			"name": "cube",
			"from": [5, 3.65, 12.5],
			"to": [5.1, 3.75, 12.75],
			"rotation": {
				"angle": 45,
				"axis": "z",
				"origin": [4.5, 6.15, 4.5],
				"rescale": true
			},
			"faces": {
				"north": {
					"uv": [0, 0, 0.25, 0.25],
					"texture": "#0"
				},
				"east": {"uv": [0, 0, 0.25, 0.25], "texture": "#0"},
				"south": {
					"uv": [0, 0, 0.25, 0.25],
					"texture": "#0"
				},
				"west": {"uv": [0, 0, 0.25, 0.25], "texture": "#0"},
				"up": {"uv": [0, 0, 0.25, 0.25], "texture": "#0"},
				"down": {"uv": [0, 0, 0.25, 0.25], "texture": "#0"}
			}
		},
		{
			"name": "cube",
			"from": [5, 3.65, 16.25],
			"to": [5.1, 3.75, 16.5],
			"rotation": {
				"angle": 45,
				"axis": "z",
				"origin": [4.5, 6.15, 8.25],
				"rescale": true
			},
			"faces": {
				"north": {
					"uv": [0, 0, 0.25, 0.25],
					"texture": "#0"
				},
				"east": {"uv": [0, 0, 0.25, 0.25], "texture": "#0"},
				"south": {
					"uv": [0, 0, 0.25, 0.25],
					"texture": "#0"
				},
				"west": {"uv": [0, 0, 0.25, 0.25], "texture": "#0"},
				"up": {"uv": [0, 0, 0.25, 0.25], "texture": "#0"},
				"down": {"uv": [0, 0, 0.25, 0.25], "texture": "#0"}
			}
		},
		{
			"name": "cube",
			"from": [6, 3.65, 12.5],
			"to": [6.1, 3.75, 12.75],
			"rotation": {
				"angle": 45,
				"axis": "z",
				"origin": [5.5, 6.15, 4.5],
				"rescale": true
			},
			"faces": {
				"north": {
					"uv": [0, 0, 0.25, 0.25],
					"texture": "#0"
				},
				"east": {"uv": [0, 0, 0.25, 0.25], "texture": "#0"},
				"south": {
					"uv": [0, 0, 0.25, 0.25],
					"texture": "#0"
				},
				"west": {"uv": [0, 0, 0.25, 0.25], "texture": "#0"},
				"up": {"uv": [0, 0, 0.25, 0.25], "texture": "#0"},
				"down": {"uv": [0, 0, 0.25, 0.25], "texture": "#0"}
			}
		},
		{
			"name": "cube",
			"from": [6, 3.65, 16.25],
			"to": [6.1, 3.75, 16.5],
			"rotation": {
				"angle": 45,
				"axis": "z",
				"origin": [5.5, 6.15, 8.25],
				"rescale": true
			},
			"faces": {
				"north": {
					"uv": [0, 0, 0.25, 0.25],
					"texture": "#0"
				},
				"east": {"uv": [0, 0, 0.25, 0.25], "texture": "#0"},
				"south": {
					"uv": [0, 0, 0.25, 0.25],
					"texture": "#0"
				},
				"west": {"uv": [0, 0, 0.25, 0.25], "texture": "#0"},
				"up": {"uv": [0, 0, 0.25, 0.25], "texture": "#0"},
				"down": {"uv": [0, 0, 0.25, 0.25], "texture": "#0"}
			}
		},
		{
			"name": "cube",
			"from": [6, 4.65, 12.5],
			"to": [6.1, 4.75, 12.75],
			"rotation": {
				"angle": 45,
				"axis": "z",
				"origin": [5.5, 7.15, 4.5],
				"rescale": true
			},
			"faces": {
				"north": {
					"uv": [0, 0, 0.25, 0.25],
					"texture": "#0"
				},
				"east": {"uv": [0, 0, 0.25, 0.25], "texture": "#0"},
				"south": {
					"uv": [0, 0, 0.25, 0.25],
					"texture": "#0"
				},
				"west": {"uv": [0, 0, 0.25, 0.25], "texture": "#0"},
				"up": {"uv": [0, 0, 0.25, 0.25], "texture": "#0"},
				"down": {"uv": [0, 0, 0.25, 0.25], "texture": "#0"}
			}
		},
		{
			"name": "cube",
			"from": [6, 4.65, 16.25],
			"to": [6.1, 4.75, 16.5],
			"rotation": {
				"angle": 45,
				"axis": "z",
				"origin": [5.5, 7.15, 8.25],
				"rescale": true
			},
			"faces": {
				"north": {
					"uv": [0, 0, 0.25, 0.25],
					"texture": "#0"
				},
				"east": {"uv": [0, 0, 0.25, 0.25], "texture": "#0"},
				"south": {
					"uv": [0, 0, 0.25, 0.25],
					"texture": "#0"
				},
				"west": {"uv": [0, 0, 0.25, 0.25], "texture": "#0"},
				"up": {"uv": [0, 0, 0.25, 0.25], "texture": "#0"},
				"down": {"uv": [0, 0, 0.25, 0.25], "texture": "#0"}
			}
		},
		{
			"name": "cube",
			"from": [5, 4.65, 12.5],
			"to": [5.1, 4.75, 12.75],
			"rotation": {
				"angle": 45,
				"axis": "z",
				"origin": [4.5, 7.15, 4.5],
				"rescale": true
			},
			"faces": {
				"north": {
					"uv": [0, 0, 0.25, 0.25],
					"texture": "#0"
				},
				"east": {"uv": [0, 0, 0.25, 0.25], "texture": "#0"},
				"south": {
					"uv": [0, 0, 0.25, 0.25],
					"texture": "#0"
				},
				"west": {"uv": [0, 0, 0.25, 0.25], "texture": "#0"},
				"up": {"uv": [0, 0, 0.25, 0.25], "texture": "#0"},
				"down": {"uv": [0, 0, 0.25, 0.25], "texture": "#0"}
			}
		},
		{
			"name": "cube",
			"from": [5, 4.65, 16.25],
			"to": [5.1, 4.75, 16.5],
			"rotation": {
				"angle": 45,
				"axis": "z",
				"origin": [4.5, 7.15, 8.25],
				"rescale": true
			},
			"faces": {
				"north": {
					"uv": [0, 0, 0.25, 0.25],
					"texture": "#0"
				},
				"east": {"uv": [0, 0, 0.25, 0.25], "texture": "#0"},
				"south": {
					"uv": [0, 0, 0.25, 0.25],
					"texture": "#0"
				},
				"west": {"uv": [0, 0, 0.25, 0.25], "texture": "#0"},
				"up": {"uv": [0, 0, 0.25, 0.25], "texture": "#0"},
				"down": {"uv": [0, 0, 0.25, 0.25], "texture": "#0"}
			}
		},
		{
			"name": "cube",
			"from": [5, 4.65, 12.75],
			"to": [5.1, 4.75, 16.25],
			"rotation": {
				"angle": 45,
				"axis": "z",
				"origin": [4.5, 7.15, 8],
				"rescale": true
			},
			"faces": {
				"north": {"uv": [0, 0, 1, 1], "texture": "#2"},
				"east": {"uv": [0, 0, 1, 1], "texture": "#2"},
				"south": {"uv": [0, 0, 1, 1], "texture": "#2"},
				"west": {"uv": [0, 0, 1, 1], "texture": "#2"},
				"up": {"uv": [0, 0, 1, 1], "texture": "#2"},
				"down": {"uv": [0, 0, 1, 1], "texture": "#0"}
			}
		},
		{
			"name": "cube",
			"from": [6, 4.65, 12.75],
			"to": [6.1, 4.75, 16.25],
			"rotation": {
				"angle": 45,
				"axis": "z",
				"origin": [5.5, 7.15, 8],
				"rescale": true
			},
			"faces": {
				"north": {"uv": [0, 0, 1, 1], "texture": "#2"},
				"east": {"uv": [0, 0, 1, 1], "texture": "#2"},
				"south": {"uv": [0, 0, 1, 1], "texture": "#2"},
				"west": {"uv": [0, 0, 1, 1], "texture": "#0"},
				"up": {"uv": [0, 0, 1, 1], "texture": "#2"},
				"down": {"uv": [0, 0, 1, 1], "texture": "#2"}
			}
		},
		{
			"name": "cube",
			"from": [7.5, 4.15, 16.25],
			"to": [8.5, 4.25, 16.5],
			"faces": {
				"north": {"uv": [0, 0, 1, 0.25], "texture": "#0"},
				"east": {"uv": [0, 0, 0.25, 0.25], "texture": "#0"},
				"south": {"uv": [0, 0, 1, 0.25], "texture": "#0"},
				"west": {"uv": [0, 0, 0.25, 0.25], "texture": "#0"},
				"up": {"uv": [0, 0, 1, 0.25], "texture": "#0"},
				"down": {"uv": [0, 0, 1, 0.25], "texture": "#0"}
			}
		},
		{
			"name": "cube",
			"from": [7.5, 4.15, 12.5],
			"to": [8.5, 4.25, 12.75],
			"faces": {
				"north": {"uv": [0, 0, 1, 0.25], "texture": "#0"},
				"east": {"uv": [0, 0, 0.25, 0.25], "texture": "#0"},
				"south": {"uv": [0, 0, 1, 0.25], "texture": "#0"},
				"west": {"uv": [0, 0, 0.25, 0.25], "texture": "#0"},
				"up": {"uv": [0, 0, 1, 0.25], "texture": "#0"},
				"down": {"uv": [0, 0, 1, 0.25], "texture": "#0"}
			}
		},
		{
			"name": "cube",
			"from": [7.5, 5.25, 12.5],
			"to": [8.5, 5.35, 12.75],
			"faces": {
				"north": {"uv": [0, 0, 1, 0.25], "texture": "#0"},
				"east": {"uv": [0, 0, 0.25, 0.25], "texture": "#0"},
				"south": {"uv": [0, 0, 1, 0.25], "texture": "#0"},
				"west": {"uv": [0, 0, 0.25, 0.25], "texture": "#0"},
				"up": {"uv": [0, 0, 1, 0.25], "texture": "#0"},
				"down": {"uv": [0, 0, 1, 0.25], "texture": "#0"}
			}
		},
		{
			"name": "cube",
			"from": [7.5, 5.25, 16.25],
			"to": [8.5, 5.35, 16.5],
			"faces": {
				"north": {"uv": [0, 0, 1, 0.25], "texture": "#0"},
				"east": {"uv": [0, 0, 0.25, 0.25], "texture": "#0"},
				"south": {"uv": [0, 0, 1, 0.25], "texture": "#0"},
				"west": {"uv": [0, 0, 0.25, 0.25], "texture": "#0"},
				"up": {"uv": [0, 0, 1, 0.25], "texture": "#0"},
				"down": {"uv": [0, 0, 1, 0.25], "texture": "#0"}
			}
		},
		{
			"name": "cube",
			"from": [7.4, 4.25, 12.5],
			"to": [7.5, 5.25, 12.75],
			"faces": {
				"north": {"uv": [0, 0, 0.25, 1], "texture": "#0"},
				"east": {"uv": [0, 0, 0.25, 1], "texture": "#0"},
				"south": {"uv": [0, 0, 0.25, 1], "texture": "#0"},
				"west": {"uv": [0, 0, 0.25, 1], "texture": "#0"},
				"up": {"uv": [0, 0, 0.25, 0.25], "texture": "#0"},
				"down": {"uv": [0, 0, 0.25, 0.25], "texture": "#0"}
			}
		},
		{
			"name": "cube",
			"from": [7.4, 4.25, 16.25],
			"to": [7.5, 5.25, 16.5],
			"faces": {
				"north": {"uv": [0, 0, 0.25, 1], "texture": "#0"},
				"east": {"uv": [0, 0, 0.25, 1], "texture": "#0"},
				"south": {"uv": [0, 0, 0.25, 1], "texture": "#0"},
				"west": {"uv": [0, 0, 0.25, 1], "texture": "#0"},
				"up": {"uv": [0, 0, 0.25, 0.25], "texture": "#0"},
				"down": {"uv": [0, 0, 0.25, 0.25], "texture": "#0"}
			}
		},
		{
			"name": "cube",
			"from": [8.5, 4.25, 12.5],
			"to": [8.6, 5.25, 12.75],
			"faces": {
				"north": {"uv": [0, 0, 0.25, 1], "texture": "#0"},
				"east": {"uv": [0, 0, 0.25, 1], "texture": "#0"},
				"south": {"uv": [0, 0, 0.25, 1], "texture": "#0"},
				"west": {"uv": [0, 0, 0.25, 1], "texture": "#0"},
				"up": {"uv": [0, 0, 0.25, 0.25], "texture": "#0"},
				"down": {"uv": [0, 0, 0.25, 0.25], "texture": "#0"}
			}
		},
		{
			"name": "cube",
			"from": [8.5, 4.25, 16.25],
			"to": [8.6, 5.25, 16.5],
			"faces": {
				"north": {"uv": [0, 0, 0.25, 1], "texture": "#0"},
				"east": {"uv": [0, 0, 0.25, 1], "texture": "#0"},
				"south": {"uv": [0, 0, 0.25, 1], "texture": "#0"},
				"west": {"uv": [0, 0, 0.25, 1], "texture": "#0"},
				"up": {"uv": [0, 0, 0.25, 0.25], "texture": "#0"},
				"down": {"uv": [0, 0, 0.25, 0.25], "texture": "#0"}
			}
		},
		{
			"name": "cube",
			"from": [8.5, 4.25, 12.75],
			"to": [8.6, 5.25, 16.25],
			"faces": {
				"north": {"uv": [0, 0, 1, 1], "texture": "#2"},
				"east": {"uv": [0, 0, 1, 1], "texture": "#2"},
				"south": {"uv": [0, 0, 1, 1], "texture": "#2"},
				"west": {"uv": [0, 0, 1, 1], "texture": "#0"},
				"up": {"uv": [0, 0, 1, 1], "texture": "#2"},
				"down": {"uv": [0, 0, 1, 1], "texture": "#2"}
			}
		},
		{
			"name": "cube",
			"from": [7.4, 4.25, 12.75],
			"to": [7.5, 5.25, 16.25],
			"faces": {
				"north": {"uv": [0, 0, 1, 1], "texture": "#2"},
				"east": {"uv": [0, 0, 1, 1], "texture": "#0"},
				"south": {"uv": [0, 0, 1, 1], "texture": "#2"},
				"west": {"uv": [0, 0, 1, 1], "texture": "#2"},
				"up": {"uv": [0, 0, 1, 1], "texture": "#2"},
				"down": {"uv": [0, 0, 1, 1], "texture": "#2"}
			}
		},
		{
			"name": "cube",
			"from": [7.5, 5.25, 12.75],
			"to": [8.5, 5.35, 16.25],
			"faces": {
				"north": {"uv": [0, 0, 1, 1], "texture": "#2"},
				"east": {"uv": [0, 0, 1, 1], "texture": "#2"},
				"south": {"uv": [0, 0, 1, 1], "texture": "#2"},
				"west": {"uv": [0, 0, 1, 1], "texture": "#2"},
				"up": {"uv": [0, 0, 1, 1], "texture": "#2"},
				"down": {"uv": [0, 0, 1, 1], "texture": "#0"}
			}
		},
		{
			"name": "cube",
			"from": [7.5, 4.15, 12.75],
			"to": [8.5, 4.25, 16.25],
			"faces": {
				"north": {"uv": [0, 0, 1, 1], "texture": "#2"},
				"east": {"uv": [0, 0, 1, 1], "texture": "#2"},
				"south": {"uv": [0, 0, 1, 1], "texture": "#2"},
				"west": {"uv": [0, 0, 1, 1], "texture": "#2"},
				"up": {"uv": [0, 0, 1, 1], "texture": "#0"},
				"down": {"uv": [0, 0, 1, 1], "texture": "#2"}
			}
		},
		{
			"name": "cube",
			"from": [7.5, 4.744, 12.75],
			"to": [7.800000000000001, 4.763999999999999, 12.77],
			"faces": {
				"north": {"uv": [0, 0, 1, 1], "texture": "#6"},
				"east": {"uv": [0, 0, 0.25, 1], "texture": "#6"},
				"south": {"uv": [0, 0, 1, 1], "texture": "#6"},
				"west": {"uv": [0, 0, 0.25, 1], "texture": "#6"},
				"up": {"uv": [0, 0, 1, 0.25], "texture": "#6"},
				"down": {"uv": [0, 0, 1, 0.25], "texture": "#6"}
			}
		},
		{
			"name": "cube",
			"from": [8.2, 4.744, 12.75],
			"to": [8.5, 4.763999999999999, 12.77],
			"faces": {
				"north": {"uv": [0, 0, 1, 1], "texture": "#6"},
				"east": {"uv": [0, 0, 0.25, 1], "texture": "#6"},
				"south": {"uv": [0, 0, 1, 1], "texture": "#6"},
				"west": {"uv": [0, 0, 0.25, 1], "texture": "#6"},
				"up": {"uv": [0, 0, 1, 0.25], "texture": "#6"},
				"down": {"uv": [0, 0, 1, 0.25], "texture": "#6"}
			}
		},
		{
			"name": "cube",
			"from": [8.25, 4.73, 16.25],
			"to": [8.5, 4.78, 16.35],
			"faces": {
				"north": {"uv": [0, 0, 1, 1], "texture": "#6"},
				"east": {"uv": [0, 0, 0.25, 1], "texture": "#6"},
				"south": {"uv": [0, 0, 1, 1], "texture": "#6"},
				"west": {"uv": [0, 0, 0.25, 1], "texture": "#6"},
				"up": {"uv": [0, 0, 1, 0.25], "texture": "#6"},
				"down": {"uv": [0, 0, 1, 0.25], "texture": "#6"}
			}
		},
		{
			"name": "cube",
			"from": [7.5, 4.73, 16.25],
			"to": [7.75, 4.78, 16.35],
			"faces": {
				"north": {"uv": [0, 0, 1, 1], "texture": "#6"},
				"east": {"uv": [0, 0, 0.25, 1], "texture": "#6"},
				"south": {"uv": [0, 0, 1, 1], "texture": "#6"},
				"west": {"uv": [0, 0, 0.25, 1], "texture": "#6"},
				"up": {"uv": [0, 0, 1, 0.25], "texture": "#6"},
				"down": {"uv": [0, 0, 1, 0.25], "texture": "#6"}
			}
		},
		{
			"name": "cube",
			"from": [7.98, 4.25, 16.25],
			"to": [8.030000000000001, 4.5, 16.35],
			"faces": {
				"north": {"uv": [0, 0, 1, 1], "texture": "#6"},
				"east": {"uv": [0, 0, 0.25, 1], "texture": "#6"},
				"south": {"uv": [0, 0, 1, 1], "texture": "#6"},
				"west": {"uv": [0, 0, 0.25, 1], "texture": "#6"},
				"up": {"uv": [0, 0, 1, 0.25], "texture": "#6"},
				"down": {"uv": [0, 0, 1, 0.25], "texture": "#6"}
			}
		},
		{
			"name": "cube",
			"from": [7.994, 4.95, 12.75],
			"to": [8.014, 5.25, 12.77],
			"faces": {
				"north": {"uv": [0, 0, 1, 1], "texture": "#6"},
				"east": {"uv": [0, 0, 0.25, 1], "texture": "#6"},
				"south": {"uv": [0, 0, 1, 1], "texture": "#6"},
				"west": {"uv": [0, 0, 0.25, 1], "texture": "#6"},
				"up": {"uv": [0, 0, 1, 0.25], "texture": "#6"},
				"down": {"uv": [0, 0, 1, 0.25], "texture": "#6"}
			}
		},
		{
			"name": "cube",
			"from": [7.994, 4.25, 12.75],
			"to": [8.014, 4.55, 12.77],
			"faces": {
				"north": {"uv": [0, 0, 1, 1], "texture": "#6"},
				"east": {"uv": [0, 0, 0.25, 1], "texture": "#6"},
				"south": {"uv": [0, 0, 1, 1], "texture": "#6"},
				"west": {"uv": [0, 0, 0.25, 1], "texture": "#6"},
				"up": {"uv": [0, 0, 1, 0.25], "texture": "#6"},
				"down": {"uv": [0, 0, 1, 0.25], "texture": "#6"}
			}
		},
		{
			"name": "cube",
			"from": [7.98, 5, 16.25],
			"to": [8.030000000000001, 5.25, 16.35],
			"faces": {
				"north": {"uv": [0, 0, 1, 1], "texture": "#6"},
				"east": {"uv": [0, 0, 0.25, 1], "texture": "#6"},
				"south": {"uv": [0, 0, 1, 1], "texture": "#6"},
				"west": {"uv": [0, 0, 0.25, 1], "texture": "#6"},
				"up": {"uv": [0, 0, 1, 0.25], "texture": "#6"},
				"down": {"uv": [0, 0, 1, 0.25], "texture": "#6"}
			}
		},
		{
			"name": "cube",
			"from": [7.75, 4, 13.25],
			"to": [8.25, 4.25, 15.75],
			"faces": {
				"north": {"uv": [0, 0, 1, 1], "texture": "#1"},
				"east": {"uv": [0, 0, 1, 1], "texture": "#1"},
				"south": {"uv": [0, 0, 1, 1], "texture": "#1"},
				"west": {"uv": [0, 0, 1, 1], "texture": "#1"},
				"up": {"uv": [0, 0, 1, 1], "texture": "#0"},
				"down": {"uv": [0, 0, 1, 1], "texture": "#1"}
			}
		},
		{
			"name": "cube",
			"from": [2.541, 8.047, 7],
			"to": [3.4370000000000007, 8.377, 17.786],
			"rotation": {
				"angle": 45,
				"axis": "z",
				"origin": [8.064999999999996, 12.628, 18.5],
				"rescale": true
			},
			"faces": {
				"north": {"uv": [0, 0, 1, 1], "texture": "#0"},
				"east": {"uv": [0, 0, 1, 1], "texture": "#0"},
				"south": {"uv": [0, 0, 1, 1], "texture": "#0"},
				"west": {"uv": [0, 0, 1, 1], "texture": "#0"},
				"up": {"uv": [0, 0, 1, 1], "texture": "#0"},
				"down": {"uv": [0, 0, 1, 1], "texture": "#0"}
			}
		},
		{
			"name": "cube",
			"from": [4.9, 1.5780000000000003, 7],
			"to": [6.15, 2.7730000000000006, 17.786],
			"rotation": {
				"angle": 22.5,
				"axis": "z",
				"origin": [5.65, 7.575, 4.75]
			},
			"faces": {
				"north": {"uv": [0, 0, 1, 1], "texture": "#0"},
				"east": {"uv": [0, 0, 1, 1], "texture": "#0"},
				"south": {"uv": [0, 0, 1, 1], "texture": "#0"},
				"west": {"uv": [0, 0, 1, 1], "texture": "#0"},
				"up": {"uv": [0, 0, 1, 1], "texture": "#0"},
				"down": {"uv": [0, 0, 1, 1], "texture": "#0"}
			}
		},
		{
			"name": "cube",
			"from": [3.5, 3, 7],
			"to": [3.75, 3.25, 17.786],
			"rotation": {
				"angle": 45,
				"axis": "z",
				"origin": [5, 7, 7.25],
				"rescale": true
			},
			"faces": {
				"north": {"uv": [0, 0, 1, 1], "texture": "#0"},
				"east": {"uv": [0, 0, 1, 1], "texture": "#0"},
				"south": {"uv": [0, 0, 1, 1], "texture": "#0"},
				"west": {"uv": [0, 0, 1, 1], "texture": "#0"},
				"up": {"uv": [0, 0, 1, 1], "texture": "#0"},
				"down": {"uv": [0, 0, 1, 1], "texture": "#0"}
			}
		},
		{
			"name": "cube",
			"from": [7.5, 1.5, 7],
			"to": [8.5, 1.75, 17.786],
			"rotation": {
				"angle": 0,
				"axis": "y",
				"origin": [8, 5.5, 7.25]
			},
			"faces": {
				"north": {"uv": [0, 0, 1, 1], "texture": "#0"},
				"east": {"uv": [0, 0, 1, 1], "texture": "#0"},
				"south": {"uv": [0, 0, 1, 1], "texture": "#0"},
				"west": {"uv": [0, 0, 1, 1], "texture": "#0"},
				"up": {"uv": [0, 0, 1, 1], "texture": "#0"},
				"down": {"uv": [0, 0, 1, 1], "texture": "#0"}
			}
		},
		{
			"name": "cube",
			"from": [12.725, 2.919, 7],
			"to": [13.621, 3.249, 17.786],
			"rotation": {
				"angle": -45,
				"axis": "z",
				"origin": [13.225, 7.666000000000004, 4.75],
				"rescale": true
			},
			"faces": {
				"north": {"uv": [0, 0, 1, 1], "texture": "#0"},
				"east": {"uv": [0, 0, 1, 1], "texture": "#0"},
				"south": {"uv": [0, 0, 1, 1], "texture": "#0"},
				"west": {"uv": [0, 0, 1, 1], "texture": "#0"},
				"up": {"uv": [0, 0, 1, 1], "texture": "#0"},
				"down": {"uv": [0, 0, 1, 1], "texture": "#0"}
			}
		},
		{
			"name": "cube",
			"from": [9.85, 1.5780000000000003, 7],
			"to": [11.1, 2.7730000000000006, 17.786],
			"rotation": {
				"angle": -22.5,
				"axis": "z",
				"origin": [10.35, 7.575, 4.75]
			},
			"faces": {
				"north": {"uv": [0, 0, 1, 1], "texture": "#0"},
				"east": {"uv": [0, 0, 1, 1], "texture": "#0"},
				"south": {"uv": [0, 0, 1, 1], "texture": "#0"},
				"west": {"uv": [0, 0, 1, 1], "texture": "#0"},
				"up": {"uv": [0, 0, 1, 1], "texture": "#0"},
				"down": {"uv": [0, 0, 1, 1], "texture": "#0"}
			}
		},
		{
			"name": "cube",
			"from": [4.5, 3, 7],
			"to": [4.75, 3.25, 17.786],
			"rotation": {
				"angle": 45,
				"axis": "z",
				"origin": [6, 7, 7.25],
				"rescale": true
			},
			"faces": {
				"north": {"uv": [0, 0, 1, 1], "texture": "#0"},
				"east": {"uv": [0, 0, 1, 1], "texture": "#0"},
				"south": {"uv": [0, 0, 1, 1], "texture": "#0"},
				"west": {"uv": [0, 0, 1, 1], "texture": "#0"},
				"up": {"uv": [0, 0, 1, 1], "texture": "#0"},
				"down": {"uv": [0, 0, 1, 1], "texture": "#0"}
			}
		},
		{
			"name": "cube",
			"from": [7.25, 1.75, 7],
			"to": [8.75, 3.25, 17.786],
			"rotation": {
				"angle": 0,
				"axis": "y",
				"origin": [8, 7.75, 4.75]
			},
			"faces": {
				"north": {"uv": [0, 0, 1, 1], "texture": "#0"},
				"east": {"uv": [0, 0, 1, 1], "texture": "#0"},
				"south": {"uv": [0, 0, 1, 1], "texture": "#0"},
				"west": {"uv": [0, 0, 1, 1], "texture": "#0"},
				"up": {"uv": [0, 0, 1, 1], "texture": "#0"},
				"down": {"uv": [0, 0, 1, 1], "texture": "#0"}
			}
		},
		{
			"name": "cube",
			"from": [7.6875, 3.25, 7],
			"to": [8.3075, 3.75, 17.25],
			"rotation": {
				"angle": 0,
				"axis": "y",
				"origin": [7.9375, 7.75, 15]
			},
			"faces": {
				"north": {"uv": [0, 0, 1, 1], "texture": "#0"},
				"east": {"uv": [0, 0, 1, 1], "texture": "#0"},
				"south": {"uv": [0, 0, 1, 1], "texture": "#0"},
				"west": {"uv": [0, 0, 1, 1], "texture": "#0"},
				"up": {"uv": [0, 0, 1, 1], "texture": "#0"},
				"down": {"uv": [0, 0, 1, 1], "texture": "#0"}
			}
		},
		{
			"name": "cube",
			"from": [7.25, 7.75, 23.85],
			"to": [8.75, 9, 30.6],
			"rotation": {
				"angle": 22.5,
				"axis": "x",
				"origin": [8, 7.5, 8.25]
			},
			"faces": {
				"north": {"uv": [0, 0, 1, 1], "texture": "#0"},
				"east": {"uv": [0, 0, 1, 1], "texture": "#0"},
				"south": {"uv": [0, 0, 1, 1], "texture": "#0"},
				"west": {"uv": [0, 0, 1, 1], "texture": "#0"},
				"up": {"uv": [0, 0, 1, 1], "texture": "#0"},
				"down": {"uv": [0, 0, 1, 1], "texture": "#0"}
			}
		},
		{
			"name": "cube",
			"from": [7.25, 8, 28.5],
			"to": [8.75, 8.25, 28.75],
			"rotation": {
				"angle": 45,
				"axis": "x",
				"origin": [8, 14, 22.5],
				"rescale": true
			},
			"faces": {
				"north": {"uv": [0, 0, 1, 1], "texture": "#0"},
				"east": {"uv": [0, 0, 1, 1], "texture": "#0"},
				"south": {"uv": [0, 0, 1, 1], "texture": "#0"},
				"west": {"uv": [0, 0, 1, 1], "texture": "#0"},
				"up": {"uv": [0, 0, 1, 1], "texture": "#0"},
				"down": {"uv": [0, 0, 1, 1], "texture": "#0"}
			}
		},
		{
			"name": "cube",
			"from": [7.25, 2, 22.5],
			"to": [8.75, 3.25, 22.75],
			"rotation": {
				"angle": 0,
				"axis": "y",
				"origin": [8, 8, 16.5]
			},
			"faces": {
				"north": {"uv": [0, 0, 1, 1], "texture": "#0"},
				"east": {"uv": [0, 0, 1, 1], "texture": "#0"},
				"south": {"uv": [0, 0, 1, 1], "texture": "#0"},
				"west": {"uv": [0, 0, 1, 1], "texture": "#0"},
				"up": {"uv": [0, 0, 1, 1], "texture": "#0"},
				"down": {"uv": [0, 0, 1, 1], "texture": "#0"}
			}
		},
		{
			"name": "cube",
			"from": [7.25, 1.75, 22.75],
			"to": [8.75, 3.25, 29.25],
			"rotation": {
				"angle": 0,
				"axis": "y",
				"origin": [8, 8, 16.75]
			},
			"faces": {
				"north": {"uv": [0, 0, 1, 1], "texture": "#0"},
				"east": {"uv": [0, 0, 1, 1], "texture": "#0"},
				"south": {"uv": [0, 0, 1, 1], "texture": "#0"},
				"west": {"uv": [0, 0, 1, 1], "texture": "#0"},
				"up": {"uv": [0, 0, 1, 1], "texture": "#0"},
				"down": {"uv": [0, 0, 1, 1], "texture": "#0"}
			}
		},
		{
			"name": "cube",
			"from": [12.25, 2.75, 22.5],
			"to": [12.5, 3, 29.75],
			"rotation": {
				"angle": -45,
				"axis": "z",
				"origin": [12.75, 7.75, 16.75],
				"rescale": true
			},
			"faces": {
				"north": {"uv": [0, 0, 1, 1], "texture": "#0"},
				"east": {"uv": [0, 0, 1, 1], "texture": "#0"},
				"south": {"uv": [0, 0, 1, 1], "texture": "#0"},
				"west": {"uv": [0, 0, 1, 1], "texture": "#0"},
				"up": {"uv": [0, 0, 1, 1], "texture": "#0"},
				"down": {"uv": [0, 0, 1, 1], "texture": "#0"}
			}
		},
		{
			"name": "cube",
			"from": [7.25, 9.5, 26.75],
			"to": [8.75, 10.25, 30.5],
			"rotation": {
				"angle": 22.5,
				"axis": "x",
				"origin": [8, 7.75, 7]
			},
			"faces": {
				"north": {"uv": [0, 0, 1, 1], "texture": "#0"},
				"east": {"uv": [0, 0, 1, 1], "texture": "#0"},
				"south": {"uv": [0, 0, 1, 1], "texture": "#0"},
				"west": {"uv": [0, 0, 1, 1], "texture": "#0"},
				"up": {"uv": [0, 0, 1, 1], "texture": "#0"},
				"down": {"uv": [0, 0, 1, 1], "texture": "#0"}
			}
		},
		{
			"name": "cube",
			"from": [7.25, 10.25, 28.75],
			"to": [8.75, 10.75, 30.25],
			"rotation": {
				"angle": 22.5,
				"axis": "x",
				"origin": [8, 7.75, 7]
			},
			"faces": {
				"north": {"uv": [0, 0, 1, 1], "texture": "#0"},
				"east": {"uv": [0, 0, 1, 1], "texture": "#0"},
				"south": {"uv": [0, 0, 1, 1], "texture": "#0"},
				"west": {"uv": [0, 0, 1, 1], "texture": "#0"},
				"up": {"uv": [0, 0, 1, 1], "texture": "#0"},
				"down": {"uv": [0, 0, 1, 1], "texture": "#0"}
			}
		},
		{
			"name": "cube",
			"from": [7.25, -1, 29.25],
			"to": [8.75, 3.25, 29.75],
			"rotation": {
				"angle": 0,
				"axis": "y",
				"origin": [8, 8, 6.5]
			},
			"faces": {
				"north": {"uv": [0, 0, 1, 1], "texture": "#0"},
				"east": {"uv": [0, 0, 1, 1], "texture": "#0"},
				"south": {"uv": [0, 0, 1, 1], "texture": "#0"},
				"west": {"uv": [0, 0, 1, 1], "texture": "#0"},
				"up": {"uv": [0, 0, 1, 1], "texture": "#0"},
				"down": {"uv": [0, 0, 1, 1], "texture": "#0"}
			}
		},
		{
			"name": "cube",
			"from": [7.25, 8.25, 30.5],
			"to": [8.75, 9, 31],
			"rotation": {
				"angle": 22.5,
				"axis": "x",
				"origin": [8, 7.75, 7]
			},
			"faces": {
				"north": {"uv": [0, 0, 1, 1], "texture": "#0"},
				"east": {"uv": [0, 0, 1, 1], "texture": "#0"},
				"south": {"uv": [0, 0, 1, 1], "texture": "#0"},
				"west": {"uv": [0, 0, 1, 1], "texture": "#0"},
				"up": {"uv": [0, 0, 1, 1], "texture": "#0"},
				"down": {"uv": [0, 0, 1, 1], "texture": "#0"}
			}
		},
		{
			"name": "cube",
			"from": [3.5, 2.75, 22.5],
			"to": [3.75, 3, 29.75],
			"rotation": {
				"angle": 45,
				"axis": "z",
				"origin": [3.25, 7.75, 16.75],
				"rescale": true
			},
			"faces": {
				"north": {"uv": [0, 0, 1, 1], "texture": "#0"},
				"east": {"uv": [0, 0, 1, 1], "texture": "#0"},
				"south": {"uv": [0, 0, 1, 1], "texture": "#0"},
				"west": {"uv": [0, 0, 1, 1], "texture": "#0"},
				"up": {"uv": [0, 0, 1, 1], "texture": "#0"},
				"down": {"uv": [0, 0, 1, 1], "texture": "#0"}
			}
		},
		{
			"name": "cube",
			"from": [7.5, 3.25, 22.5],
			"to": [8.5, 3.5, 29.75],
			"rotation": {
				"angle": 0,
				"axis": "y",
				"origin": [8, 8.25, 16.75]
			},
			"faces": {
				"north": {"uv": [0, 0, 1, 1], "texture": "#0"},
				"east": {"uv": [0, 0, 1, 1], "texture": "#0"},
				"south": {"uv": [0, 0, 1, 1], "texture": "#0"},
				"west": {"uv": [0, 0, 1, 1], "texture": "#0"},
				"up": {"uv": [0, 0, 1, 1], "texture": "#0"},
				"down": {"uv": [0, 0, 1, 1], "texture": "#0"}
			}
		},
		{
			"name": "cube",
			"from": [7.75, 4.18, 22.765],
			"to": [8.25, 4.68, 23.015],
			"rotation": {
				"angle": 22.5,
				"axis": "x",
				"origin": [8, 11.68, 12.015]
			},
			"faces": {
				"north": {"uv": [0, 0, 0.5, 0.5], "texture": "#1"},
				"east": {"uv": [0, 0, 0.25, 0.5], "texture": "#1"},
				"south": {"uv": [0, 0, 0.5, 0.5], "texture": "#1"},
				"west": {"uv": [0, 0, 0.25, 0.5], "texture": "#1"},
				"up": {"uv": [0, 0, 0.5, 0.25], "texture": "#1"},
				"down": {"uv": [0, 0, 0.5, 0.25], "texture": "#1"}
			}
		},
		{
			"name": "cube",
			"from": [7.75, 1, 19.25],
			"to": [8.25, 1.5, 19.5],
			"faces": {
				"north": {"uv": [0, 0, 0.5, 0.5], "texture": "#1"},
				"east": {"uv": [0, 0, 0.25, 0.5], "texture": "#1"},
				"south": {"uv": [0, 0, 0.5, 0.5], "texture": "#1"},
				"west": {"uv": [0, 0, 0.25, 0.5], "texture": "#1"},
				"up": {"uv": [0, 0, 0.5, 0.25], "texture": "#1"},
				"down": {"uv": [0, 0, 0.5, 0.25], "texture": "#1"}
			}
		}
	],
	"display": {
		"thirdperson_righthand": {
			"scale": [0.75, 0.75, 0.75],
			"translation": [0, 6, -8],
			"rotation": [2.5, 0, 0]
		},
		"firstperson_righthand": {
			"scale": [0.75, 0.75, 0.6],
			"translation": [0, 8, -5],
			"rotation": [5, 0, 0]
		},
		"ground": {
			"rotation": [0, 0, -90],
			"translation": [5, 0, 0]
		},
		"head": {
			"translation": [0, 1, 0],
			"rotation": [0, -180, 0]
		},
		"fixed": {
			"rotation": [0, -90, 0],
			"translation": [0, 5.5, -1.25]
		},
		"firstperson_lefthand": {
			"scale": [0.75, 0.75, 0.6],
			"rotation": [5, 0, 0],
			"translation": [0, 8, -5]
		},
		"gui": {
			"scale": [0.5, 0.5, 0.5],
			"rotation": [55, 45, -55],
			"translation": [2, 2.25, 0]
		},
		"thirdperson_lefthand": {
			"scale": [0.75, 0.75, 0.75],
			"rotation": [2.5, 0, 0],
			"translation": [0, 6, -8]
		}
	},
	"groups": [
		{
			"name": "barrle",
			"isOpen": true,
			"display": {"visibility": true, "autouv": true},
			"children": [
				0,
				1,
				2,
				3,
				4,
				5,
				6,
				7,
				8,
				9,
				10,
				11,
				12,
				13,
				14
			]
		},
		{
			"name": "handle",
			"isOpen": true,
			"display": {"visibility": true, "autouv": true},
			"children": [
				15,
				16,
				17,
				18,
				19,
				20,
				21,
				22,
				23,
				24,
				25,
				26,
				27,
				28,
				29,
				30,
				31,
				32,
				33,
				34,
				35,
				36
			]
		},
		{
			"name": "aim",
			"isOpen": true,
			"display": {"visibility": true, "autouv": true},
			"children": [
				37,
				38,
				39,
				40,
				41,
				42,
				43,
				44,
				45,
				46,
				47,
				48,
				49,
				50,
				51,
				52,
				53,
				54,
				55,
				56,
				57,
				58,
				59,
				60,
				61,
				62,
				63,
				64,
				65,
				66,
				67,
				68,
				69
			]
		},
		{
			"name": "group",
			"isOpen": true,
			"display": {"visibility": true, "autouv": true},
			"children": [70, 71, 72, 73, 74, 75, 76, 77, 78]
		},
		{
			"name": "group",
			"isOpen": true,
			"display": {"visibility": true, "autouv": true},
			"children": [
				79,
				80,
				81,
				82,
				83,
				84,
				85,
				86,
				87,
				88,
				89
			]
		},
		90,
		91
	]
}