{
	"credit": "Made with Blockbench, a free, modern block model editor by JannisX11",
	"textures": {
		"0": "custom/concrete_yellow",
		"1": "custom/hardened_clay_stained_cyan",
		"2": "custom/concrete_silver",
		"3": "custom/concrete_black",
		"4": "custom/concrete_white",
		"5": "custom/concrete_gray",
		"6": "custom/concrete_purple",
		"7": "custom/end_sky_ani",
		"particle": "custom/concrete_yellow"
	},
	"elements": [
		{
			"name": "cube",
			"from": [7.85, 23.25, 7.75],
			"to": [8.15, 23.75, 8.125],
			"rotation": {
				"angle": 45,
				"axis": "x",
				"origin": [8, 23.5, 8],
				"rescale": true
			},
			"faces": {
				"north": {
					"uv": [0, 0, 0.3000000000000007, 0.5],
					"texture": "#4"
				},
				"east": {"uv": [0, 0, 0.375, 0.5], "texture": "#4"},
				"south": {
					"uv": [0, 0, 0.3000000000000007, 0.5],
					"texture": "#4"
				},
				"west": {"uv": [0, 0, 0.375, 0.5], "texture": "#4"},
				"up": {
					"uv": [0, 0, 0.3000000000000007, 0.375],
					"texture": "#4"
				},
				"down": {
					"uv": [0, 0, 0.3000000000000007, 0.375],
					"texture": "#4"
				}
			}
		},
		{
			"name": "cube",
			"from": [7.85, 23.5, 8],
			"to": [8.15, 24, 8.5],
			"faces": {
				"north": {"uv": [0, 0, 1, 1], "texture": "#4"},
				"east": {"uv": [0, 0, 1, 1], "texture": "#4"},
				"south": {"uv": [0, 0, 1, 1], "texture": "#4"},
				"west": {"uv": [0, 0, 1, 1], "texture": "#4"},
				"up": {"uv": [0, 0, 1, 1], "texture": "#4"},
				"down": {"uv": [0, 0, 1, 1], "texture": "#4"}
			}
		},
		{
			"name": "cube",
			"from": [7.85, 10.75, 7.5],
			"to": [8.15, 16.25, 8],
			"faces": {
				"north": {
					"uv": [0, 0, 0.3000000000000007, 5.5],
					"texture": "#4"
				},
				"east": {"uv": [0, 0, 0.5, 5.5], "texture": "#4"},
				"south": {
					"uv": [0, 0, 0.3000000000000007, 5.5],
					"texture": "#4"
				},
				"west": {"uv": [0, 0, 0.5, 5.5], "texture": "#4"},
				"up": {
					"uv": [0, 0, 0.3000000000000007, 0.5],
					"texture": "#4"
				},
				"down": {
					"uv": [0, 0, 0.3000000000000007, 0.5],
					"texture": "#4"
				}
			}
		},
		{
			"name": "cube",
			"from": [7.875, 16.25, 7.525],
			"to": [8.125, 18.25, 8.475],
			"faces": {
				"north": {"uv": [0, 0, 4, 16], "texture": "#7"},
				"east": {"uv": [0, 0, 12, 16], "texture": "#7"},
				"south": {"uv": [0, 0, 4, 16], "texture": "#7"},
				"west": {"uv": [4, 0, 16, 16], "texture": "#7"},
				"up": {"uv": [0, 0, 12, 16], "texture": "#7"},
				"down": {"uv": [0, 0, 12, 16], "texture": "#7"}
			}
		},
		{
			"name": "cube",
			"from": [7.875, 9.25, 7.525],
			"to": [8.125, 11.25, 8.475],
			"faces": {
				"north": {"uv": [0, 0, 4, 16], "texture": "#7"},
				"east": {"uv": [0, 0, 12, 16], "texture": "#7"},
				"south": {"uv": [0, 0, 4, 16], "texture": "#7"},
				"west": {"uv": [0, 0, 12, 16], "texture": "#7"},
				"up": {"uv": [0, 0, 12, 16], "texture": "#7"},
				"down": {"uv": [0, 0, 12, 16], "texture": "#7"}
			}
		},
		{
			"name": "cube",
			"from": [7.85, 5, 7.5],
			"to": [8.15, 9.25, 8],
			"faces": {
				"north": {
					"uv": [0, 0, 0.3000000000000007, 4.25],
					"texture": "#4"
				},
				"east": {"uv": [0, 0, 0.5, 4.25], "texture": "#4"},
				"south": {
					"uv": [0, 0, 0.3000000000000007, 4.25],
					"texture": "#4"
				},
				"west": {"uv": [0, 0, 0.5, 4.25], "texture": "#4"},
				"up": {
					"uv": [0, 0, 0.3000000000000007, 0.5],
					"texture": "#4"
				},
				"down": {
					"uv": [0, 0, 0.3000000000000007, 0.5],
					"texture": "#4"
				}
			}
		},
		{
			"name": "cube",
			"from": [7.85, 17.75, 7.5],
			"to": [8.15, 23.5, 8],
			"faces": {
				"north": {
					"uv": [0, 0, 0.3000000000000007, 5.75],
					"texture": "#4"
				},
				"east": {"uv": [0, 0, 0.5, 5.75], "texture": "#4"},
				"south": {
					"uv": [0, 0, 0.3000000000000007, 5.75],
					"texture": "#4"
				},
				"west": {"uv": [0, 0, 0.5, 5.75], "texture": "#4"},
				"up": {
					"uv": [0, 0, 0.3000000000000007, 0.5],
					"texture": "#4"
				},
				"down": {
					"uv": [0, 0, 0.3000000000000007, 0.5],
					"texture": "#4"
				}
			}
		},
		{
			"name": "cube",
			"from": [7.85, 23, 8.25],
			"to": [8.15, 23.25, 8.5],
			"rotation": {
				"angle": 45,
				"axis": "x",
				"origin": [8, 23.25, 8.5],
				"rescale": true
			},
			"faces": {
				"north": {
					"uv": [0, 0, 0.3000000000000007, 0.25],
					"texture": "#2"
				},
				"east": {"uv": [0, 0, 0.25, 0.25], "texture": "#2"},
				"south": {
					"uv": [0, 0, 0.3000000000000007, 0.25],
					"texture": "#2"
				},
				"west": {"uv": [0, 0, 0.25, 0.25], "texture": "#2"},
				"up": {
					"uv": [0, 0, 0.3000000000000007, 0.25],
					"texture": "#2"
				},
				"down": {
					"uv": [0, 0, 0.3000000000000007, 0.25],
					"texture": "#2"
				}
			}
		},
		{
			"name": "cube",
			"from": [7.85, 23.25, 8.25],
			"to": [8.15, 23.5, 8.5],
			"faces": {
				"north": {
					"uv": [0, 0, 0.3000000000000007, 0.25],
					"texture": "#2"
				},
				"east": {"uv": [0, 0, 0.25, 0.25], "texture": "#2"},
				"south": {
					"uv": [0, 0, 0.3000000000000007, 0.25],
					"texture": "#2"
				},
				"west": {"uv": [0, 0, 0.25, 0.25], "texture": "#2"},
				"up": {
					"uv": [0, 0, 0.3000000000000007, 0.25],
					"texture": "#2"
				},
				"down": {
					"uv": [0, 0, 0.3000000000000007, 0.25],
					"texture": "#2"
				}
			}
		},
		{
			"name": "cube",
			"from": [7.85, 11.25, 8],
			"to": [8.15, 16.75, 8.5],
			"faces": {
				"north": {
					"uv": [0, 0, 0.3000000000000007, 5.5],
					"texture": "#2"
				},
				"east": {"uv": [0, 0, 0.5, 5.5], "texture": "#2"},
				"south": {
					"uv": [0, 0, 0.3000000000000007, 5.5],
					"texture": "#2"
				},
				"west": {"uv": [0, 0, 0.5, 5.5], "texture": "#2"},
				"up": {
					"uv": [0, 0, 0.3000000000000007, 0.5],
					"texture": "#2"
				},
				"down": {
					"uv": [0, 0, 0.3000000000000007, 0.5],
					"texture": "#2"
				}
			}
		},
		{
			"name": "cube",
			"from": [7.85, 5, 8],
			"to": [8.15, 9.75, 8.5],
			"faces": {
				"north": {
					"uv": [0, 0, 0.3000000000000007, 4.75],
					"texture": "#2"
				},
				"east": {"uv": [0, 0, 0.5, 4.75], "texture": "#2"},
				"south": {
					"uv": [0, 0, 0.3000000000000007, 4.75],
					"texture": "#2"
				},
				"west": {"uv": [0, 0, 0.5, 4.75], "texture": "#2"},
				"up": {
					"uv": [0, 0, 0.3000000000000007, 0.5],
					"texture": "#2"
				},
				"down": {
					"uv": [0, 0, 0.3000000000000007, 0.5],
					"texture": "#2"
				}
			}
		},
		{
			"name": "cube",
			"from": [7.85, 18.25, 8],
			"to": [8.15, 23.25, 8.5],
			"faces": {
				"north": {"uv": [0, 0, 1, 1], "texture": "#2"},
				"east": {"uv": [0, 0, 1, 1], "texture": "#2"},
				"south": {"uv": [0, 0, 1, 1], "texture": "#2"},
				"west": {"uv": [0, 0, 1, 1], "texture": "#2"},
				"up": {"uv": [0, 0, 1, 1], "texture": "#2"},
				"down": {"uv": [0, 0, 1, 1], "texture": "#2"}
			}
		},
		{
			"name": "cube",
			"from": [7.825000000000001, 5.3, 7.475],
			"to": [8.175, 5.5, 8.525],
			"faces": {
				"north": {
					"uv": [
						0,
						0,
						0.34999999999999964,
						0.20000000000000018
					],
					"texture": "#0"
				},
				"east": {
					"uv": [
						0,
						0,
						1.0500000000000007,
						0.20000000000000018
					],
					"texture": "#0"
				},
				"south": {
					"uv": [
						0,
						0,
						0.34999999999999964,
						0.20000000000000018
					],
					"texture": "#0"
				},
				"west": {
					"uv": [
						0,
						0,
						1.0500000000000007,
						0.20000000000000018
					],
					"texture": "#0"
				},
				"up": {
					"uv": [
						0,
						0,
						0.34999999999999964,
						1.0500000000000007
					],
					"texture": "#0"
				},
				"down": {
					"uv": [
						0,
						0,
						0.34999999999999964,
						1.0500000000000007
					],
					"texture": "#0"
				}
			}
		},
		{
			"name": "cube",
			"from": [7.825000000000001, 5, 7.475],
			"to": [8.175, 5.2, 8.525],
			"faces": {
				"north": {"uv": [0, 0, 1, 1], "texture": "#0"},
				"east": {"uv": [0, 0, 1, 1], "texture": "#0"},
				"south": {"uv": [0, 0, 1, 1], "texture": "#0"},
				"west": {"uv": [0, 0, 1, 1], "texture": "#0"},
				"up": {"uv": [0, 0, 1, 1], "texture": "#0"},
				"down": {"uv": [0, 0, 1, 1], "texture": "#0"}
			}
		},
		{
			"name": "cube",
			"from": [9, 4.75, 7.5],
			"to": [9.25, 5, 7.75],
			"rotation": {
				"angle": -45,
				"axis": "y",
				"origin": [9.5, 8, 7],
				"rescale": true
			},
			"faces": {
				"north": {"uv": [0, 0, 1, 1], "texture": "#0"},
				"east": {"uv": [0, 0, 1, 1], "texture": "#0"},
				"south": {"uv": [0, 0, 1, 1], "texture": "#0"},
				"west": {"uv": [0, 0, 1, 1], "texture": "#0"},
				"up": {"uv": [0, 0, 1, 1], "texture": "#0"},
				"down": {"uv": [0, 0, 1, 1], "texture": "#0"}
			}
		},
		{
			"name": "cube",
			"from": [9, 4.75, 9],
			"to": [9.25, 5, 9.25],
			"rotation": {
				"angle": -45,
				"axis": "y",
				"origin": [9.5, 8, 8.5],
				"rescale": true
			},
			"faces": {
				"north": {"uv": [0, 0, 1, 1], "texture": "#0"},
				"east": {"uv": [0, 0, 1, 1], "texture": "#0"},
				"south": {"uv": [0, 0, 1, 1], "texture": "#0"},
				"west": {"uv": [0, 0, 1, 1], "texture": "#0"},
				"up": {"uv": [0, 0, 1, 1], "texture": "#0"},
				"down": {"uv": [0, 0, 1, 1], "texture": "#0"}
			}
		},
		{
			"name": "cube",
			"from": [8, 4.75, 7.5],
			"to": [8.25, 5, 7.75],
			"rotation": {
				"angle": -45,
				"axis": "y",
				"origin": [8.5, 8, 7],
				"rescale": true
			},
			"faces": {
				"north": {"uv": [0, 0, 1, 1], "texture": "#0"},
				"east": {"uv": [0, 0, 1, 1], "texture": "#0"},
				"south": {"uv": [0, 0, 1, 1], "texture": "#0"},
				"west": {"uv": [0, 0, 1, 1], "texture": "#0"},
				"up": {"uv": [0, 0, 1, 1], "texture": "#0"},
				"down": {"uv": [0, 0, 1, 1], "texture": "#0"}
			}
		},
		{
			"name": "cube",
			"from": [8, 4.75, 9],
			"to": [8.25, 5, 9.25],
			"rotation": {
				"angle": -45,
				"axis": "y",
				"origin": [8.5, 8, 8.5],
				"rescale": true
			},
			"faces": {
				"north": {"uv": [0, 0, 1, 1], "texture": "#0"},
				"east": {"uv": [0, 0, 1, 1], "texture": "#0"},
				"south": {"uv": [0, 0, 1, 1], "texture": "#0"},
				"west": {"uv": [0, 0, 1, 1], "texture": "#0"},
				"up": {"uv": [0, 0, 1, 1], "texture": "#0"},
				"down": {"uv": [0, 0, 1, 1], "texture": "#0"}
			}
		},
		{
			"name": "cube",
			"from": [7.5, 4.75, 7],
			"to": [8.5, 5, 7.25],
			"faces": {
				"north": {"uv": [0, 0, 1, 1], "texture": "#0"},
				"east": {"uv": [0, 0, 1, 1], "texture": "#0"},
				"south": {"uv": [0, 0, 1, 1], "texture": "#0"},
				"west": {"uv": [0, 0, 1, 1], "texture": "#0"},
				"up": {"uv": [0, 0, 1, 1], "texture": "#0"},
				"down": {"uv": [0, 0, 1, 1], "texture": "#0"}
			}
		},
		{
			"name": "cube",
			"from": [7.5, 4.75, 8.75],
			"to": [8.5, 5, 9],
			"faces": {
				"north": {"uv": [0, 0, 1, 1], "texture": "#0"},
				"east": {"uv": [0, 0, 1, 1], "texture": "#0"},
				"south": {"uv": [0, 0, 1, 1], "texture": "#0"},
				"west": {"uv": [0, 0, 1, 1], "texture": "#0"},
				"up": {"uv": [0, 0, 1, 1], "texture": "#0"},
				"down": {"uv": [0, 0, 1, 1], "texture": "#0"}
			}
		},
		{
			"name": "cube",
			"from": [7.25, 4.75, 7.25],
			"to": [8.75, 5, 8.75],
			"faces": {
				"north": {"uv": [0, 0, 1, 1], "texture": "#0"},
				"east": {"uv": [0, 0, 1, 1], "texture": "#0"},
				"south": {"uv": [0, 0, 1, 1], "texture": "#0"},
				"west": {"uv": [0, 0, 1, 1], "texture": "#0"},
				"up": {"uv": [0, 0, 1, 1], "texture": "#0"},
				"down": {"uv": [0, 0, 1, 1], "texture": "#0"}
			}
		},
		{
			"name": "cube",
			"from": [7.5, 4.25, 7.75],
			"to": [8.5, 4.75, 8.25],
			"faces": {
				"north": {"uv": [0, 0, 1, 1], "texture": "#3"},
				"east": {"uv": [0, 0, 1, 1], "texture": "#3"},
				"south": {"uv": [0, 0, 1, 1], "texture": "#3"},
				"west": {"uv": [0, 0, 1, 1], "texture": "#3"},
				"up": {"uv": [0, 0, 1, 1], "texture": "#3"},
				"down": {"uv": [0, 0, 1, 1], "texture": "#3"}
			}
		},
		{
			"name": "cube",
			"from": [7.5, 3.75, 7.75],
			"to": [8.5, 4.25, 8.25],
			"faces": {
				"north": {"uv": [0, 0, 1, 1], "texture": "#1"},
				"east": {"uv": [0, 0, 1, 1], "texture": "#1"},
				"south": {"uv": [0, 0, 1, 1], "texture": "#1"},
				"west": {"uv": [0, 0, 1, 1], "texture": "#1"},
				"up": {"uv": [0, 0, 1, 1], "texture": "#1"},
				"down": {"uv": [0, 0, 1, 1], "texture": "#1"}
			}
		},
		{
			"name": "cube",
			"from": [7.5, 2.75, 7.75],
			"to": [8.5, 3.25, 8.25],
			"faces": {
				"north": {"uv": [0, 0, 1, 1], "texture": "#1"},
				"east": {"uv": [0, 0, 1, 1], "texture": "#1"},
				"south": {"uv": [0, 0, 1, 1], "texture": "#1"},
				"west": {"uv": [0, 0, 1, 1], "texture": "#1"},
				"up": {"uv": [0, 0, 1, 1], "texture": "#1"},
				"down": {"uv": [0, 0, 1, 1], "texture": "#1"}
			}
		},
		{
			"name": "cube",
			"from": [7.5, 1.75, 7.75],
			"to": [8.5, 2.25, 8.25],
			"faces": {
				"north": {"uv": [0, 0, 1, 1], "texture": "#1"},
				"east": {"uv": [0, 0, 1, 1], "texture": "#1"},
				"south": {"uv": [0, 0, 1, 1], "texture": "#1"},
				"west": {"uv": [0, 0, 1, 1], "texture": "#1"},
				"up": {"uv": [0, 0, 1, 1], "texture": "#1"},
				"down": {"uv": [0, 0, 1, 1], "texture": "#1"}
			}
		},
		{
			"name": "cube",
			"from": [7.5, 0.75, 7.75],
			"to": [8.5, 1.25, 8.25],
			"faces": {
				"north": {"uv": [0, 0, 1, 1], "texture": "#1"},
				"east": {"uv": [0, 0, 1, 1], "texture": "#1"},
				"south": {"uv": [0, 0, 1, 1], "texture": "#1"},
				"west": {"uv": [0, 0, 1, 1], "texture": "#1"},
				"up": {"uv": [0, 0, 1, 1], "texture": "#1"},
				"down": {"uv": [0, 0, 1, 1], "texture": "#1"}
			}
		},
		{
			"name": "cube",
			"from": [7.5, 3.25, 7.75],
			"to": [8.5, 3.75, 8.25],
			"faces": {
				"north": {"uv": [0, 0, 1, 1], "texture": "#3"},
				"east": {"uv": [0, 0, 1, 1], "texture": "#3"},
				"south": {"uv": [0, 0, 1, 1], "texture": "#3"},
				"west": {"uv": [0, 0, 1, 1], "texture": "#3"},
				"up": {"uv": [0, 0, 1, 1], "texture": "#3"},
				"down": {"uv": [0, 0, 1, 1], "texture": "#3"}
			}
		},
		{
			"name": "cube",
			"from": [7.5, 2.25, 7.75],
			"to": [8.5, 2.75, 8.25],
			"faces": {
				"north": {"uv": [0, 0, 1, 1], "texture": "#3"},
				"east": {"uv": [0, 0, 1, 1], "texture": "#3"},
				"south": {"uv": [0, 0, 1, 1], "texture": "#3"},
				"west": {"uv": [0, 0, 1, 1], "texture": "#3"},
				"up": {"uv": [0, 0, 1, 1], "texture": "#3"},
				"down": {"uv": [0, 0, 1, 1], "texture": "#3"}
			}
		},
		{
			"name": "cube",
			"from": [7.5, 1.25, 7.75],
			"to": [8.5, 1.75, 8.25],
			"faces": {
				"north": {"uv": [0, 0, 1, 1], "texture": "#3"},
				"east": {"uv": [0, 0, 1, 1], "texture": "#3"},
				"south": {"uv": [0, 0, 1, 1], "texture": "#3"},
				"west": {"uv": [0, 0, 1, 1], "texture": "#3"},
				"up": {"uv": [0, 0, 1, 1], "texture": "#3"},
				"down": {"uv": [0, 0, 1, 1], "texture": "#3"}
			}
		},
		{
			"name": "cube",
			"from": [7.5, 0.25, 7.75],
			"to": [8.5, 0.75, 8.25],
			"faces": {
				"north": {"uv": [0, 0, 1, 1], "texture": "#3"},
				"east": {"uv": [0, 0, 1, 1], "texture": "#3"},
				"south": {"uv": [0, 0, 1, 1], "texture": "#3"},
				"west": {"uv": [0, 0, 1, 1], "texture": "#3"},
				"up": {"uv": [0, 0, 1, 1], "texture": "#3"},
				"down": {"uv": [0, 0, 1, 1], "texture": "#3"}
			}
		},
		{
			"name": "cube",
			"from": [8.75, 0.25, 7],
			"to": [9, 4.75, 7.25],
			"rotation": {
				"angle": 45,
				"axis": "y",
				"origin": [9.25, 8, 7.75],
				"rescale": true
			},
			"faces": {
				"north": {"uv": [0, 0, 1, 1], "texture": "#3"},
				"east": {"uv": [0, 0, 1, 1], "texture": "#3"},
				"south": {"uv": [0, 0, 1, 1], "texture": "#3"},
				"west": {"uv": [0, 0, 1, 1], "texture": "#3"},
				"up": {"uv": [0, 0, 1, 1], "texture": "#3"},
				"down": {"uv": [0, 0, 1, 1], "texture": "#3"}
			}
		},
		{
			"name": "cube",
			"from": [8.25, 0.25, 7],
			"to": [8.5, 4.75, 7.25],
			"rotation": {
				"angle": 45,
				"axis": "y",
				"origin": [8.75, 8, 7.75],
				"rescale": true
			},
			"faces": {
				"north": {"uv": [0, 0, 1, 1], "texture": "#3"},
				"east": {"uv": [0, 0, 1, 1], "texture": "#3"},
				"south": {"uv": [0, 0, 1, 1], "texture": "#3"},
				"west": {"uv": [0, 0, 1, 1], "texture": "#3"},
				"up": {"uv": [0, 0, 1, 1], "texture": "#3"},
				"down": {"uv": [0, 0, 1, 1], "texture": "#3"}
			}
		},
		{
			"name": "cube",
			"from": [7.75, 0.25, 7.25],
			"to": [8.25, 4.75, 7.5],
			"faces": {
				"north": {"uv": [0, 0, 1, 1], "texture": "#3"},
				"east": {"uv": [0, 0, 1, 1], "texture": "#3"},
				"south": {"uv": [0, 0, 1, 1], "texture": "#3"},
				"west": {"uv": [0, 0, 1, 1], "texture": "#3"},
				"up": {"uv": [0, 0, 1, 1], "texture": "#3"},
				"down": {"uv": [0, 0, 1, 1], "texture": "#3"}
			}
		},
		{
			"name": "cube",
			"from": [7.5, 0.25, 7.5],
			"to": [8.5, 4.75, 7.75],
			"faces": {
				"north": {"uv": [0, 0, 1, 1], "texture": "#3"},
				"east": {"uv": [0, 0, 1, 1], "texture": "#3"},
				"south": {"uv": [0, 0, 1, 1], "texture": "#3"},
				"west": {"uv": [0, 0, 1, 1], "texture": "#3"},
				"up": {"uv": [0, 0, 1, 1], "texture": "#3"},
				"down": {"uv": [0, 0, 1, 1], "texture": "#3"}
			}
		},
		{
			"name": "cube",
			"from": [8.75, 0, 7.75],
			"to": [9, 0.25, 8],
			"rotation": {
				"angle": -45,
				"axis": "y",
				"origin": [9.25, 7.75, 7.25],
				"rescale": true
			},
			"faces": {
				"north": {"uv": [0, 0, 1, 1], "texture": "#5"},
				"east": {"uv": [0, 0, 1, 1], "texture": "#5"},
				"south": {"uv": [0, 0, 1, 1], "texture": "#5"},
				"west": {"uv": [0, 0, 1, 1], "texture": "#5"},
				"up": {"uv": [0, 0, 1, 1], "texture": "#5"},
				"down": {"uv": [0, 0, 1, 1], "texture": "#5"}
			}
		},
		{
			"name": "cube",
			"from": [8.75, 0, 8.75],
			"to": [9, 0.25, 9],
			"rotation": {
				"angle": -45,
				"axis": "y",
				"origin": [9.25, 7.75, 8.25],
				"rescale": true
			},
			"faces": {
				"north": {"uv": [0, 0, 1, 1], "texture": "#5"},
				"east": {"uv": [0, 0, 1, 1], "texture": "#5"},
				"south": {"uv": [0, 0, 1, 1], "texture": "#5"},
				"west": {"uv": [0, 0, 1, 1], "texture": "#5"},
				"up": {"uv": [0, 0, 1, 1], "texture": "#5"},
				"down": {"uv": [0, 0, 1, 1], "texture": "#5"}
			}
		},
		{
			"name": "cube",
			"from": [8.75, 0.25, 8.75],
			"to": [9, 4.75, 9],
			"rotation": {
				"angle": -45,
				"axis": "y",
				"origin": [9.25, 8, 8.25],
				"rescale": true
			},
			"faces": {
				"north": {"uv": [0, 0, 1, 1], "texture": "#3"},
				"east": {"uv": [0, 0, 1, 1], "texture": "#3"},
				"south": {"uv": [0, 0, 1, 1], "texture": "#3"},
				"west": {"uv": [0, 0, 1, 1], "texture": "#3"},
				"up": {"uv": [0, 0, 1, 1], "texture": "#3"},
				"down": {"uv": [0, 0, 1, 1], "texture": "#3"}
			}
		},
		{
			"name": "cube",
			"from": [8.25, 0, 7.75],
			"to": [8.5, 0.25, 8],
			"rotation": {
				"angle": -45,
				"axis": "y",
				"origin": [8.75, 7.75, 7.25],
				"rescale": true
			},
			"faces": {
				"north": {"uv": [0, 0, 1, 1], "texture": "#5"},
				"east": {"uv": [0, 0, 1, 1], "texture": "#5"},
				"south": {"uv": [0, 0, 1, 1], "texture": "#5"},
				"west": {"uv": [0, 0, 1, 1], "texture": "#5"},
				"up": {"uv": [0, 0, 1, 1], "texture": "#5"},
				"down": {"uv": [0, 0, 1, 1], "texture": "#5"}
			}
		},
		{
			"name": "cube",
			"from": [8.25, 0, 8.75],
			"to": [8.5, 0.25, 9],
			"rotation": {
				"angle": -45,
				"axis": "y",
				"origin": [8.75, 7.75, 8.25],
				"rescale": true
			},
			"faces": {
				"north": {"uv": [0, 0, 1, 1], "texture": "#5"},
				"east": {"uv": [0, 0, 1, 1], "texture": "#5"},
				"south": {"uv": [0, 0, 1, 1], "texture": "#5"},
				"west": {"uv": [0, 0, 1, 1], "texture": "#5"},
				"up": {"uv": [0, 0, 1, 1], "texture": "#5"},
				"down": {"uv": [0, 0, 1, 1], "texture": "#5"}
			}
		},
		{
			"name": "cube",
			"from": [8.25, 0.25, 8.75],
			"to": [8.5, 4.75, 9],
			"rotation": {
				"angle": -45,
				"axis": "y",
				"origin": [8.75, 8, 8.25],
				"rescale": true
			},
			"faces": {
				"north": {"uv": [0, 0, 1, 1], "texture": "#3"},
				"east": {"uv": [0, 0, 1, 1], "texture": "#3"},
				"south": {"uv": [0, 0, 1, 1], "texture": "#3"},
				"west": {"uv": [0, 0, 1, 1], "texture": "#3"},
				"up": {"uv": [0, 0, 1, 1], "texture": "#3"},
				"down": {"uv": [0, 0, 1, 1], "texture": "#3"}
			}
		},
		{
			"name": "cube",
			"from": [7.5, 0, 7.5],
			"to": [8.5, 0.25, 8.5],
			"faces": {
				"north": {"uv": [0, 0, 1, 1], "texture": "#5"},
				"east": {"uv": [0, 0, 1, 1], "texture": "#5"},
				"south": {"uv": [0, 0, 1, 1], "texture": "#5"},
				"west": {"uv": [0, 0, 1, 1], "texture": "#5"},
				"up": {"uv": [0, 0, 1, 1], "texture": "#5"},
				"down": {"uv": [0, 0, 1, 1], "texture": "#5"}
			}
		},
		{
			"name": "cube",
			"from": [7.5, 0.25, 8.25],
			"to": [8.5, 4.75, 8.5],
			"faces": {
				"north": {"uv": [0, 0, 1, 1], "texture": "#3"},
				"east": {"uv": [0, 0, 1, 1], "texture": "#3"},
				"south": {"uv": [0, 0, 1, 1], "texture": "#3"},
				"west": {"uv": [0, 0, 1, 1], "texture": "#3"},
				"up": {"uv": [0, 0, 1, 1], "texture": "#3"},
				"down": {"uv": [0, 0, 1, 1], "texture": "#3"}
			}
		},
		{
			"name": "cube",
			"from": [7.75, 0, 7.25],
			"to": [8.25, 0.25, 7.5],
			"faces": {
				"north": {"uv": [0, 0, 1, 1], "texture": "#5"},
				"east": {"uv": [0, 0, 1, 1], "texture": "#5"},
				"south": {"uv": [0, 0, 1, 1], "texture": "#5"},
				"west": {"uv": [0, 0, 1, 1], "texture": "#5"},
				"up": {"uv": [0, 0, 1, 1], "texture": "#5"},
				"down": {"uv": [0, 0, 1, 1], "texture": "#5"}
			}
		},
		{
			"name": "cube",
			"from": [7.75, 0, 8.5],
			"to": [8.25, 0.25, 8.75],
			"faces": {
				"north": {"uv": [0, 0, 1, 1], "texture": "#5"},
				"east": {"uv": [0, 0, 1, 1], "texture": "#5"},
				"south": {"uv": [0, 0, 1, 1], "texture": "#5"},
				"west": {"uv": [0, 0, 1, 1], "texture": "#5"},
				"up": {"uv": [0, 0, 1, 1], "texture": "#5"},
				"down": {"uv": [0, 0, 1, 1], "texture": "#5"}
			}
		},
		{
			"name": "cube",
			"from": [7.75, 0.25, 8.5],
			"to": [8.25, 4.75, 8.75],
			"faces": {
				"north": {"uv": [0, 0, 1, 1], "texture": "#3"},
				"east": {"uv": [0, 0, 1, 1], "texture": "#3"},
				"south": {"uv": [0, 0, 1, 1], "texture": "#3"},
				"west": {"uv": [0, 0, 1, 1], "texture": "#3"},
				"up": {"uv": [0, 0, 1, 1], "texture": "#3"},
				"down": {"uv": [0, 0, 1, 1], "texture": "#3"}
			}
		},
		{
			"name": "cube",
			"from": [7.825000000000001, 5.2, 7.475],
			"to": [8.175, 5.3, 8.525],
			"faces": {
				"north": {
					"uv": [
						0,
						0,
						0.34999999999999964,
						0.09999999999999964
					],
					"texture": "#1"
				},
				"east": {
					"uv": [
						0,
						0,
						1.0500000000000007,
						0.09999999999999964
					],
					"texture": "#1"
				},
				"south": {
					"uv": [
						0,
						0,
						0.34999999999999964,
						0.09999999999999964
					],
					"texture": "#1"
				},
				"west": {
					"uv": [
						0,
						0,
						1.0500000000000007,
						0.09999999999999964
					],
					"texture": "#1"
				},
				"up": {
					"uv": [
						0,
						0,
						0.34999999999999964,
						1.0500000000000007
					],
					"texture": "#1"
				},
				"down": {
					"uv": [
						0,
						0,
						0.34999999999999964,
						1.0500000000000007
					],
					"texture": "#1"
				}
			}
		},
		{
			"name": "cube",
			"from": [7.82, 5.2, 7.950000000000001],
			"to": [8.18, 5.3, 8.05],
			"rotation": {
				"angle": 45,
				"axis": "x",
				"origin": [7.82, 5.25, 8],
				"rescale": true
			},
			"faces": {
				"north": {
					"uv": [
						0,
						0,
						0.35999999999999943,
						0.09999999999999964
					],
					"texture": "#5"
				},
				"east": {
					"uv": [
						0,
						0,
						0.09999999999999964,
						0.09999999999999964
					],
					"texture": "#5"
				},
				"south": {
					"uv": [
						0,
						0,
						0.35999999999999943,
						0.09999999999999964
					],
					"texture": "#5"
				},
				"west": {
					"uv": [
						0,
						0,
						0.09999999999999964,
						0.09999999999999964
					],
					"texture": "#5"
				},
				"up": {
					"uv": [
						0,
						0,
						0.35999999999999943,
						0.09999999999999964
					],
					"texture": "#5"
				},
				"down": {
					"uv": [
						0,
						0,
						0.35999999999999943,
						0.09999999999999964
					],
					"texture": "#5"
				}
			}
		},
		{
			"name": "cube",
			"from": [7.815, 5.21, 7.959999999999999],
			"to": [8.185, 5.29, 8.04],
			"faces": {
				"north": {
					"uv": [
						0,
						0,
						0.3700000000000001,
						0.08000000000000007
					],
					"texture": "#6"
				},
				"east": {
					"uv": [
						0,
						0,
						0.08000000000000007,
						0.08000000000000007
					],
					"texture": "#6"
				},
				"south": {
					"uv": [
						0,
						0,
						0.3700000000000001,
						0.08000000000000007
					],
					"texture": "#6"
				},
				"west": {
					"uv": [
						0,
						0,
						0.08000000000000007,
						0.08000000000000007
					],
					"texture": "#6"
				},
				"up": {
					"uv": [
						0,
						0,
						0.3700000000000001,
						0.08000000000000007
					],
					"texture": "#6"
				},
				"down": {
					"uv": [
						0,
						0,
						0.3700000000000001,
						0.08000000000000007
					],
					"texture": "#6"
				}
			}
		}
	],
	"display": {
		"thirdperson_righthand": {
			"rotation": [0, 0, 0],
			"translation": [0, 3.5, 2]
		},
		"firstperson_righthand": {
			"scale": [1, 1, 0.68],
			"translation": [3, 4.5, 0],
			"rotation": [10, 5, 0]
		},
		"firstperson_lefthand": {
			"scale": [1, 1, 0.68],
			"rotation": [10, 5, 0],
			"translation": [3, 4.5, 0]
		},
		"gui": {
			"scale": [0.8, 0.8, 0.8],
			"rotation": [-90, 135, 90],
			"translation": [-2, -2, 0]
		},
		"thirdperson_lefthand": {"translation": [0, 3.5, 2]},
		"head": {"rotation": [90, 0, 0]},
		"ground": {
			"scale": [0.75, 0.75, 0.75],
			"rotation": [25, 0, 0],
			"translation": [0, 2, 0]
		},
		"fixed": {
			"scale": [0.75, 0.75, 0.75],
			"translation": [0, -3, 0],
			"rotation": [0, 90, 0]
		}
	},
	"groups": [
		{
			"name": "blade",
			"isOpen": true,
			"display": {"visibility": true, "autouv": true},
			"children": [0, 1, 2, 3, 4, 5, 6, 7, 8, 9, 10, 11]
		},
		{
			"name": "handle",
			"isOpen": true,
			"display": {"visibility": true, "autouv": true},
			"children": [
				12,
				13,
				14,
				15,
				16,
				17,
				18,
				19,
				20,
				21,
				22,
				23,
				24,
				25,
				26,
				27,
				28,
				29,
				30,
				31,
				32,
				33,
				34,
				35,
				36,
				37,
				38,
				39,
				40,
				41,
				42,
				43,
				44,
				{
					"name": "art",
					"isOpen": false,
					"shade": true,
					"display": {"visibility": true, "autouv": true},
					"children": [45, 46, 47]
				}
			]
		}
	]
}