{
	"credit": "Made with Blockbench, a free, modern block model editor by JannisX11",
	"textures": {
		"0": "custom/background",
		"particle": "custom/background"
	},
	"elements": [
		{
			"from": [0, 0, 0],
			"to": [16, 16, 0],
			"faces": {
				"north": {"uv": [8, 4, 4, 8], "texture": "#0"},
				"east": {"uv": [0, 0, 0, 16], "texture": "#missing"},
				"south": {"uv": [4, 4, 8, 8], "texture": "#0"},
				"west": {"uv": [0, 0, 0, 16], "texture": "#missing"},
				"up": {"uv": [0, 0, 16, 0], "texture": "#missing"},
				"down": {"uv": [0, 0, 16, 0], "texture": "#missing"}
			},
			"shade": false
		}
	],
	"display": {
		"thirdperson_righthand": {
			"translation": [0, 0, 8]
		},
		"gui": {
			"scale": [1.125, 1.125, 1]
		},
		"thirdperson_lefthand": {
			"translation": [0, 0, 8]
		}
	}
}