{
	"credit": "Made with Blockbench, a free, modern block model editor by JannisX11, model design by bill96012",
	"textures": {
		"0": "custom/progress_1",
		"particle": "custom/progress_1"
	},
	"elements": [
		{
			"from": [-16, 0, 0],
			"to": [32, 16, 0],
			"faces": {
				"north": {"uv": [14.875, 6, 1.375, 10.5], "texture": "#0"},
				"east": {"uv": [0, 0, 0, 16], "texture": "#missing"},
				"south": {"uv": [1.25, 6, 14.75, 10.5], "texture": "#0"},
				"west": {"uv": [0, 0, 0, 16], "texture": "#missing"},
				"up": {"uv": [0, 0, 16, 0], "texture": "#missing"},
				"down": {"uv": [0, 0, 16, 0], "texture": "#missing"}
			}
		}
	],
	"display": {
		"gui": {
			"scale": [1.125, 1.125, 1.125]
		}
	}
}