{
	"credit": "Made with Blockbench, a free, modern block model editor by JannisX11",
	"textures": {
		"0": "custom/concrete_yellow",
		"1": "custom/concrete_silver",
		"2": "custom/concrete_white",
		"particle": "custom/concrete_yellow"
	},
	"elements": [
		{
			"name": "cube",
			"from": [7.5, 1.5, 7.5],
			"to": [7.75, 4.25, 8.25],
			"faces": {
				"north": {
					"uv": [0, 0, 0.25, 2.75],
					"texture": "#2"
				},
				"east": {"uv": [0, 0, 0.75, 2.75], "texture": "#2"},
				"south": {
					"uv": [0, 0, 0.25, 2.75],
					"texture": "#2"
				},
				"west": {"uv": [0, 0, 0.75, 2.75], "texture": "#2"},
				"up": {"uv": [0, 0, 0.25, 0.75], "texture": "#2"},
				"down": {"uv": [0, 0, 0.25, 0.75], "texture": "#2"}
			}
		},
		{
			"name": "cube",
			"from": [8, 2.75, 7.5],
			"to": [8.25, 5.5, 8.25],
			"faces": {
				"north": {
					"uv": [0, 0, 0.25, 2.75],
					"texture": "#2"
				},
				"east": {"uv": [0, 0, 0.75, 2.75], "texture": "#2"},
				"south": {
					"uv": [0, 0, 0.25, 2.75],
					"texture": "#2"
				},
				"west": {"uv": [0, 0, 0.75, 2.75], "texture": "#2"},
				"up": {"uv": [0, 0, 0.25, 0.75], "texture": "#2"},
				"down": {"uv": [0, 0, 0.25, 0.75], "texture": "#2"}
			}
		},
		{
			"name": "cube",
			"from": [8.25, 0, 7.5],
			"to": [8.5, 5.5, 8.25],
			"faces": {
				"north": {"uv": [0, 0, 0.25, 5.5], "texture": "#1"},
				"east": {"uv": [0, 0, 0.75, 5.5], "texture": "#1"},
				"south": {"uv": [0, 0, 0.25, 5.5], "texture": "#1"},
				"west": {"uv": [0, 0, 0.75, 5.5], "texture": "#1"},
				"up": {"uv": [0, 0, 0.25, 0.75], "texture": "#1"},
				"down": {"uv": [0, 0, 0.25, 0.75], "texture": "#1"}
			}
		},
		{
			"name": "cube",
			"from": [7.5, 0, 7.5],
			"to": [7.75, 1.5, 8.25],
			"faces": {
				"north": {"uv": [0, 0, 0.25, 1.5], "texture": "#1"},
				"east": {"uv": [0, 0, 0.75, 1.5], "texture": "#1"},
				"south": {"uv": [0, 0, 0.25, 1.5], "texture": "#1"},
				"west": {"uv": [0, 0, 0.75, 1.5], "texture": "#1"},
				"up": {"uv": [0, 0, 0.25, 0.75], "texture": "#1"},
				"down": {"uv": [0, 0, 0.25, 0.75], "texture": "#1"}
			}
		},
		{
			"name": "cube",
			"from": [7.5, 4.25, 7.5],
			"to": [7.75, 5.5, 8.25],
			"faces": {
				"north": {
					"uv": [0, 0, 0.25, 1.25],
					"texture": "#1"
				},
				"east": {"uv": [0, 0, 0.75, 1.25], "texture": "#1"},
				"south": {
					"uv": [0, 0, 0.25, 1.25],
					"texture": "#1"
				},
				"west": {"uv": [0, 0, 0.75, 1.25], "texture": "#1"},
				"up": {"uv": [0, 0, 0.25, 0.75], "texture": "#1"},
				"down": {"uv": [0, 0, 0.25, 0.75], "texture": "#1"}
			}
		},
		{
			"name": "cube",
			"from": [7.75, 0, 7.5],
			"to": [8, 5.5, 8.25],
			"faces": {
				"north": {"uv": [0, 0, 0.25, 5.5], "texture": "#1"},
				"east": {"uv": [0, 0, 0.75, 5.5], "texture": "#1"},
				"south": {"uv": [0, 0, 0.25, 5.5], "texture": "#1"},
				"west": {"uv": [0, 0, 0.75, 5.5], "texture": "#1"},
				"up": {"uv": [0, 0, 0.25, 0.75], "texture": "#1"},
				"down": {"uv": [0, 0, 0.25, 0.75], "texture": "#1"}
			}
		},
		{
			"name": "cube",
			"from": [8, 0, 7.5],
			"to": [8.25, 2.75, 8.25],
			"faces": {
				"north": {
					"uv": [0, 0, 0.25, 2.75],
					"texture": "#1"
				},
				"east": {"uv": [0, 0, 0.75, 2.75], "texture": "#1"},
				"south": {
					"uv": [0, 0, 0.25, 2.75],
					"texture": "#1"
				},
				"west": {"uv": [0, 0, 0.75, 2.75], "texture": "#1"},
				"up": {"uv": [0, 0, 0.25, 0.75], "texture": "#1"},
				"down": {"uv": [0, 0, 0.25, 0.75], "texture": "#1"}
			}
		},
		{
			"name": "cube",
			"from": [7, 0.75, 7.75],
			"to": [7.25, 4.5, 8],
			"faces": {
				"north": {
					"uv": [0, 0, 0.25, 3.75],
					"texture": "#0"
				},
				"east": {"uv": [0, 0, 0.25, 3.75], "texture": "#0"},
				"south": {
					"uv": [0, 0, 0.25, 3.75],
					"texture": "#0"
				},
				"west": {"uv": [0, 0, 0.25, 3.75], "texture": "#0"},
				"up": {"uv": [0, 0, 0.25, 0.25], "texture": "#0"},
				"down": {"uv": [0, 0, 0.25, 0.25], "texture": "#0"}
			}
		},
		{
			"name": "cube",
			"from": [7.25, 5.5, 7.75],
			"to": [8.25, 5.75, 8],
			"faces": {
				"north": {"uv": [0, 0, 1, 0.25], "texture": "#0"},
				"east": {"uv": [0, 0, 0.25, 0.25], "texture": "#0"},
				"south": {"uv": [0, 0, 1, 0.25], "texture": "#0"},
				"west": {"uv": [0, 0, 0.25, 0.25], "texture": "#0"},
				"up": {"uv": [0, 0, 1, 0.25], "texture": "#0"},
				"down": {"uv": [0, 0, 1, 0.25], "texture": "#0"}
			}
		},
		{
			"name": "cube",
			"from": [7.25, 0, 7.5],
			"to": [7.5, 5.5, 8.25],
			"faces": {
				"north": {"uv": [0, 0, 0.25, 5.5], "texture": "#1"},
				"east": {"uv": [0, 0, 0.75, 5.5], "texture": "#1"},
				"south": {"uv": [0, 0, 0.25, 5.5], "texture": "#1"},
				"west": {"uv": [0, 0, 0.75, 5.5], "texture": "#1"},
				"up": {"uv": [0, 0, 0.25, 0.75], "texture": "#1"},
				"down": {"uv": [0, 0, 0.25, 0.75], "texture": "#1"}
			}
		}
	],
	"display": {
		"thirdperson_righthand": {
			"translation": [0, 7, 1],
			"rotation": [0, 0, 0]
		},
		"thirdperson_lefthand": {"translation": [0, 7, 1]},
		"firstperson_righthand": {
			"translation": [1, 8, 0],
			"rotation": [-15, -65, 0]
		},
		"firstperson_lefthand": {
			"rotation": [-15, -65, 0],
			"translation": [1, 8, 0]
		},
		"head": {"translation": [0, 0, -7]},
		"ground": {
			"scale": [1.1, 1.1, 1.1],
			"translation": [0, 5, 0]
		},
		"fixed": {
			"scale": [2, 2, 2],
			"translation": [0, 10, 0]
		},
		"gui": {
			"scale": [2, 2, 2],
			"translation": [-2, 10, 0],
			"rotation": [0, 15, 15]
		}
	}
}