{
	"credit": "Made with Blockbench, a free, modern block model editor by JannisX11",
	"textures": {
		"0": "custom/hardened_clay",
		"1": "custom/lapis_block",
		"2": "custom/concrete_silver",
		"6": "custom/obsidian",
		"particle": "custom/lapis_block"
	},
	"elements": [
		{
			"name": "cube",
			"from": [5.75, 0.75, 6.5],
			"to": [7, 1, 7],
			"faces": {
				"north": {"uv": [1, 1, 15, 3], "texture": "#2"},
				"east": {"uv": [1, 1, 15, 3], "texture": "#2"},
				"south": {"uv": [1, 1, 15, 3], "texture": "#2"},
				"west": {"uv": [1, 1, 15, 3], "texture": "#2"},
				"up": {"uv": [1, 1, 15, 7], "texture": "#2"},
				"down": {"uv": [1, 1, 15, 15], "texture": "#2"}
			}
		},
		{
			"name": "cube",
			"from": [9, 0.75, 9],
			"to": [10.25, 1, 9.5],
			"faces": {
				"north": {"uv": [1, 1, 15, 3], "texture": "#2"},
				"east": {"uv": [1, 1, 15, 3], "texture": "#2"},
				"south": {"uv": [1, 1, 15, 3], "texture": "#2"},
				"west": {"uv": [1, 1, 15, 3], "texture": "#2"},
				"up": {"uv": [1, 1, 15, 7], "texture": "#2"},
				"down": {"uv": [1, 1, 15, 15], "texture": "#2"}
			}
		},
		{
			"name": "cube",
			"from": [9.5, 0.75, 7],
			"to": [10, 1, 7.75],
			"faces": {
				"north": {"uv": [1, 1, 15, 3], "texture": "#2"},
				"east": {"uv": [1, 1, 15, 3], "texture": "#2"},
				"south": {"uv": [1, 1, 15, 3], "texture": "#2"},
				"west": {"uv": [1, 1, 15, 3], "texture": "#2"},
				"up": {"uv": [1, 1, 7, 7], "texture": "#2"},
				"down": {"uv": [1, 1, 15, 15], "texture": "#2"}
			}
		},
		{
			"name": "cube",
			"from": [6, 0.75, 8.25],
			"to": [6.5, 1, 9],
			"faces": {
				"north": {"uv": [1, 1, 15, 3], "texture": "#2"},
				"east": {"uv": [1, 1, 15, 3], "texture": "#2"},
				"south": {"uv": [1, 1, 15, 3], "texture": "#2"},
				"west": {"uv": [1, 1, 15, 3], "texture": "#2"},
				"up": {"uv": [1, 1, 7, 7], "texture": "#2"},
				"down": {"uv": [1, 1, 15, 15], "texture": "#2"}
			}
		},
		{
			"name": "cube",
			"from": [6, 0.75, 9],
			"to": [7, 1, 9.5],
			"faces": {
				"north": {"uv": [1, 1, 15, 3], "texture": "#2"},
				"east": {"uv": [1, 1, 15, 3], "texture": "#2"},
				"south": {"uv": [1, 1, 15, 3], "texture": "#2"},
				"west": {"uv": [1, 1, 15, 3], "texture": "#2"},
				"up": {"uv": [1, 1, 15, 7], "texture": "#2"},
				"down": {"uv": [1, 1, 15, 15], "texture": "#2"}
			}
		},
		{
			"name": "cube",
			"from": [6, 0.75, 7.75],
			"to": [7, 1, 8.25],
			"faces": {
				"north": {"uv": [1, 1, 15, 3], "texture": "#2"},
				"east": {"uv": [1, 1, 15, 3], "texture": "#2"},
				"south": {"uv": [1, 1, 15, 3], "texture": "#2"},
				"west": {"uv": [1, 1, 15, 3], "texture": "#2"},
				"up": {"uv": [1, 1, 15, 7], "texture": "#2"},
				"down": {"uv": [1, 1, 15, 15], "texture": "#2"}
			}
		},
		{
			"name": "cube",
			"from": [9, 0.75, 7.75],
			"to": [10, 1, 8.25],
			"faces": {
				"north": {"uv": [1, 1, 15, 3], "texture": "#2"},
				"east": {"uv": [1, 1, 15, 3], "texture": "#2"},
				"south": {"uv": [1, 1, 15, 3], "texture": "#2"},
				"west": {"uv": [1, 1, 15, 3], "texture": "#2"},
				"up": {"uv": [1, 1, 15, 7], "texture": "#2"},
				"down": {"uv": [1, 1, 15, 15], "texture": "#2"}
			}
		},
		{
			"name": "cube",
			"from": [9, 0.75, 6.5],
			"to": [10, 1, 7],
			"faces": {
				"north": {"uv": [1, 1, 15, 3], "texture": "#2"},
				"east": {"uv": [1, 1, 15, 3], "texture": "#2"},
				"south": {"uv": [1, 1, 15, 3], "texture": "#2"},
				"west": {"uv": [1, 1, 15, 3], "texture": "#2"},
				"up": {"uv": [1, 1, 15, 7], "texture": "#2"},
				"down": {"uv": [1, 1, 15, 15], "texture": "#2"}
			}
		},
		{
			"name": "cube",
			"from": [7, 0.75, 8.75],
			"to": [9, 1.1, 9.75],
			"faces": {
				"north": {"uv": [1, 1, 15, 4], "texture": "#1"},
				"east": {"uv": [1, 1, 15, 4], "texture": "#1"},
				"south": {"uv": [1, 1, 15, 4], "texture": "#1"},
				"west": {"uv": [1, 1, 15, 4], "texture": "#1"},
				"up": {"uv": [1, 1, 15, 9], "texture": "#1"},
				"down": {"uv": [1, 1, 15, 15], "texture": "#1"}
			}
		},
		{
			"name": "cube",
			"from": [7, 0.75, 7.5],
			"to": [9, 1.1, 8.5],
			"faces": {
				"north": {"uv": [1, 1, 15, 4], "texture": "#1"},
				"east": {"uv": [1, 1, 15, 4], "texture": "#1"},
				"south": {"uv": [1, 1, 15, 4], "texture": "#1"},
				"west": {"uv": [1, 1, 15, 4], "texture": "#1"},
				"up": {"uv": [1, 1, 15, 9], "texture": "#1"},
				"down": {"uv": [1, 1, 15, 15], "texture": "#1"}
			}
		},
		{
			"name": "cube",
			"from": [7, 0.75, 6.25],
			"to": [9, 1.1, 7.25],
			"faces": {
				"north": {"uv": [1, 1, 15, 4], "texture": "#1"},
				"east": {"uv": [1, 1, 15, 4], "texture": "#1"},
				"south": {"uv": [1, 1, 15, 4], "texture": "#1"},
				"west": {"uv": [1, 1, 15, 4], "texture": "#1"},
				"up": {"uv": [1, 1, 15, 9], "texture": "#1"},
				"down": {"uv": [1, 1, 15, 15], "texture": "#1"}
			}
		},
		{
			"name": "cube",
			"from": [5.75, 0.5, 5.75],
			"to": [10.25, 0.75, 10.25],
			"faces": {
				"north": {"uv": [0, 0, 4.5, 0.25], "texture": "#0"},
				"east": {"uv": [0, 0, 4.5, 0.25], "texture": "#0"},
				"south": {"uv": [0, 0, 4.5, 0.25], "texture": "#0"},
				"west": {"uv": [0, 0, 4.5, 0.25], "texture": "#0"},
				"up": {"uv": [1, 1, 15, 15], "texture": "#0"},
				"down": {"uv": [1, 1, 5.5, 5.5], "texture": "#0"}
			}
		},
		{
			"name": "cube",
			"from": [5.75, 0.5, 5.5],
			"to": [10.5, 0.75, 5.75],
			"faces": {
				"north": {"uv": [0, 1, 16, 2], "texture": "#6"},
				"east": {"uv": [0, 1, 1, 2], "texture": "#6"},
				"south": {"uv": [0, 1, 16, 2], "texture": "#6"},
				"west": {"uv": [0, 1, 16, 2], "texture": "#6"},
				"up": {"uv": [0, 1, 16, 2], "texture": "#6"},
				"down": {"uv": [0, 1, 16, 2], "texture": "#6"}
			}
		},
		{
			"name": "cube",
			"from": [5.5, 0.5, 5.5],
			"to": [5.75, 0.75, 10.25],
			"faces": {
				"north": {"uv": [0, 14, 16, 15], "texture": "#6"},
				"east": {"uv": [0, 14, 16, 15], "texture": "#6"},
				"south": {"uv": [0, 14, 16, 15], "texture": "#6"},
				"west": {"uv": [0, 14, 16, 15], "texture": "#6"},
				"up": {
					"uv": [0, 14, 16, 15],
					"texture": "#6",
					"rotation": 90
				},
				"down": {
					"uv": [0, 14, 16, 15],
					"texture": "#6",
					"rotation": 90
				}
			}
		},
		{
			"name": "cube",
			"from": [5.5, 0.5, 10.25],
			"to": [10.25, 0.75, 10.5],
			"faces": {
				"north": {"uv": [0, 14, 16, 15], "texture": "#6"},
				"east": {"uv": [0, 14, 16, 15], "texture": "#6"},
				"south": {"uv": [0, 14, 16, 15], "texture": "#6"},
				"west": {"uv": [0, 14, 1, 15], "texture": "#6"},
				"up": {"uv": [0, 14, 16, 15], "texture": "#6"},
				"down": {"uv": [0, 14, 16, 15], "texture": "#6"}
			}
		},
		{
			"name": "cube",
			"from": [10.25, 0.5, 5.75],
			"to": [10.5, 0.75, 10.5],
			"faces": {
				"north": {"uv": [0, 14, 16, 15], "texture": "#6"},
				"east": {"uv": [0, 14, 16, 15], "texture": "#6"},
				"south": {"uv": [0, 14, 1, 15], "texture": "#6"},
				"west": {"uv": [0, 14, 16, 15], "texture": "#6"},
				"up": {
					"uv": [0, 14, 16, 15],
					"texture": "#6",
					"rotation": 90
				},
				"down": {
					"uv": [0, 14, 16, 15],
					"texture": "#6",
					"rotation": 90
				}
			}
		}
	],
	"display": {
		"thirdperson_righthand": {
			"translation": [0, 2, 8],
			"rotation": [90, 0, 0]
		},
		"thirdperson_lefthand": {
			"rotation": [90, 0, 0],
			"translation": [0, 2, 8]
		},
		"firstperson_righthand": {
			"translation": [-1, 5, 10],
			"rotation": [85, 0, 0]
		},
		"firstperson_lefthand": {
			"rotation": [85, 0, 0],
			"translation": [-1, 5, 10]
		},
		"head": {
			"scale": [2, 2, 2],
			"translation": [0, 0, -21],
			"rotation": [-90, 0, 0]
		},
		"ground": {
			"scale": [1.1, 1.1, 1.1],
			"translation": [0, 5, 0]
		},
		"fixed": {
			"scale": [2.5, 2.5, 2.5],
			"translation": [0, 0, -18.5],
			"rotation": [-90, 0, 0]
		},
		"gui": {
			"scale": [3.25, 1, 3.25],
			"translation": [0, 0, 0],
			"rotation": [90, 0, 0]
		}
	},
	"groups": [
		0,
		1,
		2,
		3,
		4,
		5,
		6,
		7,
		8,
		9,
		10,
		{
			"name": "group",
			"isOpen": true,
			"shade": true,
			"display": {"visibility": true, "autouv": true},
			"children": [11, 12, 13, 14, 15]
		}
	]
}