{
	"credit": "Made with Blockbench, a free, modern block model editor by JannisX11",
	"textures": {
		"0": "custom/gold_block",
		"1": "custom/glass_yellow",
		"2": "custom/redstone_lamp_off",
		"3": "custom/glass_lime",
		"4": "custom/obsidian",
		"5": "custom/iron_block",
		"particle": "custom/obsidian"
	},
	"elements": [
		{
			"name": "cube",
			"from": [15, 0.75, 6.5],
			"to": [15.5, 3.75, 9.5],
			"faces": {
				"north": {"uv": [0, 0, 1, 1], "texture": "#1"},
				"east": {"uv": [0, 0, 1, 1], "texture": "#1"},
				"south": {"uv": [0, 0, 1, 1], "texture": "#1"},
				"west": {"uv": [0, 0, 1, 1], "texture": "#1"},
				"up": {
					"uv": [0, 0, 1, 1],
					"texture": "#1",
					"rotation": 90
				},
				"down": {
					"uv": [0, 0, 1, 1],
					"texture": "#1",
					"rotation": 270
				}
			}
		},
		{
			"name": "cube",
			"from": [5.5, 0.5, 6.5],
			"to": [10.5, 4, 9.5],
			"faces": {
				"north": {"uv": [0, 0, 16, 16], "texture": "#2"},
				"east": {"uv": [0, 0, 16, 16], "texture": "#2"},
				"south": {"uv": [0, 0, 16, 16], "texture": "#2"},
				"west": {"uv": [0, 0, 16, 16], "texture": "#2"},
				"up": {
					"uv": [0, 0, 16, 16],
					"texture": "#2",
					"rotation": 90
				},
				"down": {
					"uv": [0, 0, 16, 16],
					"texture": "#2",
					"rotation": 270
				}
			}
		},
		{
			"name": "cube",
			"from": [3, 1, 7],
			"to": [13, 3.5, 9],
			"faces": {
				"north": {"uv": [0, 0, 1, 1], "texture": "#3"},
				"east": {"uv": [0, 0, 1, 1], "texture": "#3"},
				"south": {"uv": [0, 0, 1, 1], "texture": "#3"},
				"west": {"uv": [0, 0, 1, 1], "texture": "#3"},
				"up": {
					"uv": [0, 0, 1, 1],
					"texture": "#3",
					"rotation": 90
				},
				"down": {
					"uv": [0, 0, 1, 1],
					"texture": "#3",
					"rotation": 270
				}
			}
		},
		{
			"name": "cube",
			"from": [0.75, 3.5, 6.5],
			"to": [1, 3.75, 9.25],
			"faces": {
				"north": {"uv": [6, 6, 10, 10], "texture": "#5"},
				"east": {"uv": [6, 6, 10, 10], "texture": "#5"},
				"south": {"uv": [6, 6, 10, 10], "texture": "#5"},
				"west": {"uv": [6, 6, 10, 10], "texture": "#5"},
				"up": {
					"uv": [6, 6, 10, 10],
					"texture": "#5",
					"rotation": 90
				},
				"down": {
					"uv": [6, 6, 10, 10],
					"texture": "#5",
					"rotation": 270
				}
			}
		},
		{
			"name": "cube",
			"from": [0.75, 0.75, 6.75],
			"to": [1, 1, 9.5],
			"faces": {
				"north": {"uv": [6, 6, 10, 10], "texture": "#5"},
				"east": {"uv": [6, 6, 10, 10], "texture": "#5"},
				"south": {"uv": [6, 6, 10, 10], "texture": "#5"},
				"west": {"uv": [6, 6, 10, 10], "texture": "#5"},
				"up": {
					"uv": [6, 6, 10, 10],
					"texture": "#5",
					"rotation": 90
				},
				"down": {
					"uv": [6, 6, 10, 10],
					"texture": "#5",
					"rotation": 270
				}
			}
		},
		{
			"name": "cube",
			"from": [0.75, 0.75, 6.5],
			"to": [1, 3.5, 6.75],
			"faces": {
				"north": {"uv": [6, 6, 10, 10], "texture": "#5"},
				"east": {"uv": [6, 6, 10, 10], "texture": "#5"},
				"south": {"uv": [6, 6, 10, 10], "texture": "#5"},
				"west": {"uv": [6, 6, 10, 10], "texture": "#5"},
				"up": {
					"uv": [6, 6, 10, 10],
					"texture": "#5",
					"rotation": 90
				},
				"down": {
					"uv": [6, 6, 10, 10],
					"texture": "#5",
					"rotation": 270
				}
			}
		},
		{
			"name": "cube",
			"from": [0.75, 1, 9.25],
			"to": [1, 3.75, 9.5],
			"faces": {
				"north": {"uv": [6, 6, 10, 10], "texture": "#5"},
				"east": {"uv": [6, 6, 10, 10], "texture": "#5"},
				"south": {"uv": [6, 6, 10, 10], "texture": "#5"},
				"west": {"uv": [6, 6, 10, 10], "texture": "#5"},
				"up": {
					"uv": [6, 6, 10, 10],
					"texture": "#5",
					"rotation": 90
				},
				"down": {
					"uv": [6, 6, 10, 10],
					"texture": "#5",
					"rotation": 270
				}
			}
		},
		{
			"name": "cube",
			"from": [0.5, 0.75, 6.5],
			"to": [0.75, 3.75, 9.5],
			"faces": {
				"north": {"uv": [6, 6, 10, 10], "texture": "#5"},
				"east": {"uv": [6, 6, 10, 10], "texture": "#5"},
				"south": {"uv": [6, 6, 10, 10], "texture": "#5"},
				"west": {"uv": [6, 6, 10, 10], "texture": "#5"},
				"up": {
					"uv": [6, 6, 10, 10],
					"texture": "#5",
					"rotation": 90
				},
				"down": {
					"uv": [6, 6, 10, 10],
					"texture": "#5",
					"rotation": 270
				}
			}
		},
		{
			"name": "cube",
			"from": [0.75, 1, 6.75],
			"to": [1, 3.5, 9.25],
			"faces": {
				"north": {"uv": [6, 6, 9, 9], "texture": "#0"},
				"east": {"uv": [1, 1, 15, 15], "texture": "#0"},
				"south": {"uv": [6, 6, 9, 9], "texture": "#0"},
				"west": {"uv": [6, 6, 9, 9], "texture": "#0"},
				"up": {
					"uv": [6, 6, 9, 9],
					"texture": "#0",
					"rotation": 90
				},
				"down": {
					"uv": [6, 6, 9, 9],
					"texture": "#0",
					"rotation": 270
				}
			}
		},
		{
			"name": "cube",
			"from": [15, 0.5, 7.25],
			"to": [15.5, 0.75, 8.75],
			"faces": {
				"north": {"uv": [0, 0, 1, 1], "texture": "#5"},
				"east": {"uv": [0, 0, 1, 1], "texture": "#5"},
				"south": {"uv": [0, 0, 1, 1], "texture": "#5"},
				"west": {"uv": [0, 0, 1, 1], "texture": "#5"},
				"up": {
					"uv": [0, 0, 1, 1],
					"texture": "#5",
					"rotation": 90
				},
				"down": {
					"uv": [0, 0, 1, 1],
					"texture": "#5",
					"rotation": 270
				}
			}
		},
		{
			"name": "cube",
			"from": [12, 0.5, 7.25],
			"to": [12.5, 1, 8.75],
			"faces": {
				"north": {"uv": [0, 0, 1, 1], "texture": "#5"},
				"east": {"uv": [0, 0, 1, 1], "texture": "#5"},
				"south": {"uv": [0, 0, 1, 1], "texture": "#5"},
				"west": {"uv": [0, 0, 1, 1], "texture": "#5"},
				"up": {
					"uv": [0, 0, 1, 1],
					"texture": "#5",
					"rotation": 90
				},
				"down": {
					"uv": [0, 0, 1, 1],
					"texture": "#5",
					"rotation": 270
				}
			}
		},
		{
			"name": "cube",
			"from": [3.5, 0.5, 7.25],
			"to": [4, 1, 8.75],
			"faces": {
				"north": {"uv": [0, 0, 1, 1], "texture": "#5"},
				"east": {"uv": [0, 0, 1, 1], "texture": "#5"},
				"south": {"uv": [0, 0, 1, 1], "texture": "#5"},
				"west": {"uv": [0, 0, 1, 1], "texture": "#5"},
				"up": {
					"uv": [0, 0, 1, 1],
					"texture": "#5",
					"rotation": 90
				},
				"down": {
					"uv": [0, 0, 1, 1],
					"texture": "#5",
					"rotation": 270
				}
			}
		},
		{
			"name": "cube",
			"from": [0.5, 0.5, 7.25],
			"to": [1, 0.75, 8.75],
			"faces": {
				"north": {"uv": [0, 0, 1, 1], "texture": "#5"},
				"east": {"uv": [0, 0, 1, 1], "texture": "#5"},
				"south": {"uv": [0, 0, 1, 1], "texture": "#5"},
				"west": {"uv": [0, 0, 1, 1], "texture": "#5"},
				"up": {
					"uv": [0, 0, 1, 1],
					"texture": "#5",
					"rotation": 90
				},
				"down": {
					"uv": [0, 0, 1, 1],
					"texture": "#5",
					"rotation": 270
				}
			}
		},
		{
			"name": "cube",
			"from": [0.25, 0, 6.25],
			"to": [15.75, 0.5, 9.75],
			"faces": {
				"north": {"uv": [0, 0, 15.5, 0.5], "texture": "#4"},
				"east": {"uv": [0, 0, 3.5, 0.5], "texture": "#4"},
				"south": {"uv": [0, 0, 15.5, 0.5], "texture": "#4"},
				"west": {"uv": [0, 0, 3.5, 0.5], "texture": "#4"},
				"up": {
					"uv": [4, 0, 8, 16],
					"texture": "#4",
					"rotation": 90
				},
				"down": {
					"uv": [0, 0, 3.5, 15.5],
					"texture": "#4",
					"rotation": 270
				}
			}
		}
	],
	"display": {
		"thirdperson_righthand": {
			"scale": [0.75, 0.75, 0.75],
			"translation": [0, 5.75, 2],
			"rotation": [0, 90, 0]
		},
		"thirdperson_lefthand": {
			"scale": [0.75, 0.75, 0.75],
			"rotation": [0, -90, 0],
			"translation": [0, 5.75, 2]
		},
		"firstperson_righthand": {
			"scale": [0.5, 0.5, 0.5],
			"translation": [-4, 8, 5],
			"rotation": [0, 0, 0]
		},
		"firstperson_lefthand": {
			"scale": [0.5, 0.5, 0.5],
			"translation": [-4, 8, 5]
		},
		"ground": {"translation": [0, 5, 0]},
		"fixed": {"translation": [0, 6, 0]},
		"gui": {
			"rotation": [45, 45, 0],
			"translation": [0, 4.75, 0]
		}
	}
}