{
	"credit": "Made with Blockbench, a free, modern block model editor by JannisX11",
	"textures": {
		"0": "custom/concrete_yellow",
		"1": "custom/hardened_clay_stained_cyan",
		"2": "custom/concrete_silver",
		"3": "custom/concrete_black",
		"4": "custom/concrete_white",
		"particle": "custom/concrete_yellow"
	},
	"elements": [
		{
			"from": [7.85, 23.25, 7.75],
			"to": [8.15, 23.75, 8.125],
			"rotation": {"angle": 45, "axis": "x", "origin": [8, 23.5, 8], "rescale": true},
			"faces": {
				"north": {"uv": [0, 0, 0.3, 0.5], "texture": "#4"},
				"east": {"uv": [0, 0, 0.375, 0.5], "texture": "#4"},
				"south": {"uv": [0, 0, 0.3, 0.5], "texture": "#4"},
				"west": {"uv": [0, 0, 0.375, 0.5], "texture": "#4"},
				"up": {"uv": [0, 0, 0.3, 0.375], "texture": "#4"},
				"down": {"uv": [0, 0, 0.3, 0.375], "texture": "#4"}
			}
		},
		{
			"from": [7.85, 23.5, 8],
			"to": [8.15, 24, 8.5],
			"faces": {
				"north": {"uv": [0, 0, 1, 1], "texture": "#4"},
				"east": {"uv": [0, 0, 1, 1], "texture": "#4"},
				"south": {"uv": [0, 0, 1, 1], "texture": "#4"},
				"west": {"uv": [0, 0, 1, 1], "texture": "#4"},
				"up": {"uv": [0, 0, 1, 1], "texture": "#4"},
				"down": {"uv": [0, 0, 1, 1], "texture": "#4"}
			}
		},
		{
			"from": [7.85, 5, 7.5],
			"to": [8.15, 23.5, 8],
			"faces": {
				"north": {"uv": [0, 0, 0.3, 5.75], "texture": "#4"},
				"east": {"uv": [0, 0, 0.5, 5.75], "texture": "#4"},
				"south": {"uv": [0, 0, 0.3, 5.75], "texture": "#4"},
				"west": {"uv": [0, 0, 0.5, 5.75], "texture": "#4"},
				"up": {"uv": [0, 0, 0.3, 0.5], "texture": "#4"},
				"down": {"uv": [0, 0, 0.3, 0.5], "texture": "#4"}
			}
		},
		{
			"from": [7.85, 23, 8.25],
			"to": [8.15, 23.25, 8.5],
			"rotation": {"angle": 45, "axis": "x", "origin": [8, 23.25, 8.5], "rescale": true},
			"faces": {
				"north": {"uv": [0, 0, 0.3, 0.25], "texture": "#2"},
				"east": {"uv": [0, 0, 0.25, 0.25], "texture": "#2"},
				"south": {"uv": [0, 0, 0.3, 0.25], "texture": "#2"},
				"west": {"uv": [0, 0, 0.25, 0.25], "texture": "#2"},
				"up": {"uv": [0, 0, 0.3, 0.25], "texture": "#2"},
				"down": {"uv": [0, 0, 0.3, 0.25], "texture": "#2"}
			}
		},
		{
			"from": [7.85, 23.25, 8.25],
			"to": [8.15, 23.5, 8.5],
			"faces": {
				"north": {"uv": [0, 0, 0.3, 0.25], "texture": "#2"},
				"east": {"uv": [0, 0, 0.25, 0.25], "texture": "#2"},
				"south": {"uv": [0, 0, 0.3, 0.25], "texture": "#2"},
				"west": {"uv": [0, 0, 0.25, 0.25], "texture": "#2"},
				"up": {"uv": [0, 0, 0.3, 0.25], "texture": "#2"},
				"down": {"uv": [0, 0, 0.3, 0.25], "texture": "#2"}
			}
		},
		{
			"from": [7.85, 5, 8],
			"to": [8.15, 23.25, 8.5],
			"faces": {
				"north": {"uv": [0, 0, 1, 1], "texture": "#2"},
				"east": {"uv": [0, 0, 1, 1], "texture": "#2"},
				"south": {"uv": [0, 0, 1, 1], "texture": "#2"},
				"west": {"uv": [0, 0, 1, 1], "texture": "#2"},
				"up": {"uv": [0, 0, 1, 1], "texture": "#2"},
				"down": {"uv": [0, 0, 1, 1], "texture": "#2"}
			}
		},
		{
			"from": [7.825, 5, 7.475],
			"to": [8.175, 5.5, 8.525],
			"faces": {
				"north": {"uv": [0, 0, 0.35, 0.2], "texture": "#0"},
				"east": {"uv": [0, 0, 1.05, 0.2], "texture": "#0"},
				"south": {"uv": [0, 0, 0.35, 0.2], "texture": "#0"},
				"west": {"uv": [0, 0, 1.05, 0.2], "texture": "#0"},
				"up": {"uv": [0, 0, 0.35, 1.05], "texture": "#0"},
				"down": {"uv": [0, 0, 0.35, 1.05], "texture": "#0"}
			}
		},
		{
			"from": [8.75, 4.75, 7.5],
			"to": [9, 5, 7.75],
			"rotation": {"angle": -45, "axis": "y", "origin": [9.25, 8, 7], "rescale": true},
			"faces": {
				"north": {"uv": [0, 0, 0.25, 0.25], "texture": "#0"},
				"east": {"uv": [0, 0, 0.25, 0.25], "texture": "#0"},
				"south": {"uv": [0, 0, 0.25, 0.25], "texture": "#0"},
				"west": {"uv": [0, 0, 0.25, 0.25], "texture": "#0"},
				"up": {"uv": [0, 0, 0.25, 0.25], "texture": "#0"},
				"down": {"uv": [0, 0, 0.25, 0.25], "texture": "#0"}
			}
		},
		{
			"from": [8.75, 4.75, 9],
			"to": [9, 5, 9.25],
			"rotation": {"angle": -45, "axis": "y", "origin": [9.25, 8, 8.5], "rescale": true},
			"faces": {
				"north": {"uv": [0, 0, 0.25, 0.25], "texture": "#0"},
				"east": {"uv": [0, 0, 0.25, 0.25], "texture": "#0"},
				"south": {"uv": [0, 0, 0.25, 0.25], "texture": "#0"},
				"west": {"uv": [0, 0, 0.25, 0.25], "texture": "#0"},
				"up": {"uv": [0, 0, 0.25, 0.25], "texture": "#0"},
				"down": {"uv": [0, 0, 0.25, 0.25], "texture": "#0"}
			}
		},
		{
			"from": [8.25, 4.75, 7.5],
			"to": [8.5, 5, 7.75],
			"rotation": {"angle": -45, "axis": "y", "origin": [8.75, 8, 7], "rescale": true},
			"faces": {
				"north": {"uv": [0, 0, 0.25, 0.25], "texture": "#0"},
				"east": {"uv": [0, 0, 0.25, 0.25], "texture": "#0"},
				"south": {"uv": [0, 0, 0.25, 0.25], "texture": "#0"},
				"west": {"uv": [0, 0, 0.25, 0.25], "texture": "#0"},
				"up": {"uv": [0, 0, 0.25, 0.25], "texture": "#0"},
				"down": {"uv": [0, 0, 0.25, 0.25], "texture": "#0"}
			}
		},
		{
			"from": [8.25, 4.75, 9],
			"to": [8.5, 5, 9.25],
			"rotation": {"angle": -45, "axis": "y", "origin": [8.75, 8, 8.5], "rescale": true},
			"faces": {
				"north": {"uv": [0, 0, 0.25, 0.25], "texture": "#0"},
				"east": {"uv": [0, 0, 0.25, 0.25], "texture": "#0"},
				"south": {"uv": [0, 0, 0.25, 0.25], "texture": "#0"},
				"west": {"uv": [0, 0, 0.25, 0.25], "texture": "#0"},
				"up": {"uv": [0, 0, 0.25, 0.25], "texture": "#0"},
				"down": {"uv": [0, 0, 0.25, 0.25], "texture": "#0"}
			}
		},
		{
			"from": [7.75, 4.75, 7],
			"to": [8.25, 5, 7.25],
			"faces": {
				"north": {"uv": [0, 0, 0.5, 0.25], "texture": "#0"},
				"east": {"uv": [0, 0, 0.25, 0.25], "texture": "#0"},
				"south": {"uv": [0, 0, 0.5, 0.25], "texture": "#0"},
				"west": {"uv": [0, 0, 0.25, 0.25], "texture": "#0"},
				"up": {"uv": [0, 0, 0.5, 0.25], "texture": "#0"},
				"down": {"uv": [0, 0, 0.5, 0.25], "texture": "#0"}
			}
		},
		{
			"from": [7.75, 4.75, 8.75],
			"to": [8.25, 5, 9],
			"faces": {
				"north": {"uv": [0, 0, 0.5, 0.25], "texture": "#0"},
				"east": {"uv": [0, 0, 0.25, 0.25], "texture": "#0"},
				"south": {"uv": [0, 0, 0.5, 0.25], "texture": "#0"},
				"west": {"uv": [0, 0, 0.25, 0.25], "texture": "#0"},
				"up": {"uv": [0, 0, 0.5, 0.25], "texture": "#0"},
				"down": {"uv": [0, 0, 0.5, 0.25], "texture": "#0"}
			}
		},
		{
			"from": [7.5, 4.75, 7.25],
			"to": [8.5, 5, 8.75],
			"faces": {
				"north": {"uv": [0, 0, 1, 0.25], "texture": "#0"},
				"east": {"uv": [0, 0, 1.5, 0.25], "texture": "#0"},
				"south": {"uv": [0, 0, 1, 0.25], "texture": "#0"},
				"west": {"uv": [0, 0, 1.5, 0.25], "texture": "#0"},
				"up": {"uv": [0, 0, 1, 1.5], "texture": "#0"},
				"down": {"uv": [0, 0, 1, 1.5], "texture": "#0"}
			}
		},
		{
			"from": [7.75, 4.25, 7.75],
			"to": [8.25, 4.75, 8.25],
			"faces": {
				"north": {"uv": [0, 0, 0.5, 0.5], "texture": "#3"},
				"east": {"uv": [0, 0, 0.5, 0.5], "texture": "#3"},
				"south": {"uv": [0, 0, 0.5, 0.5], "texture": "#3"},
				"west": {"uv": [0, 0, 0.5, 0.5], "texture": "#3"},
				"up": {"uv": [0, 0, 0.5, 0.5], "texture": "#3"},
				"down": {"uv": [0, 0, 0.5, 0.5], "texture": "#3"}
			}
		},
		{
			"from": [7.75, 3.75, 7.75],
			"to": [8.25, 4.25, 8.25],
			"faces": {
				"north": {"uv": [0, 0, 0.5, 0.5], "texture": "#1"},
				"east": {"uv": [0, 0, 0.5, 0.5], "texture": "#1"},
				"south": {"uv": [0, 0, 0.5, 0.5], "texture": "#1"},
				"west": {"uv": [0, 0, 0.5, 0.5], "texture": "#1"},
				"up": {"uv": [0, 0, 0.5, 0.5], "texture": "#1"},
				"down": {"uv": [0, 0, 0.5, 0.5], "texture": "#1"}
			}
		},
		{
			"from": [7.75, 2.75, 7.75],
			"to": [8.25, 3.25, 8.25],
			"faces": {
				"north": {"uv": [0, 0, 0.5, 0.5], "texture": "#1"},
				"east": {"uv": [0, 0, 0.5, 0.5], "texture": "#1"},
				"south": {"uv": [0, 0, 0.5, 0.5], "texture": "#1"},
				"west": {"uv": [0, 0, 0.5, 0.5], "texture": "#1"},
				"up": {"uv": [0, 0, 0.5, 0.5], "texture": "#1"},
				"down": {"uv": [0, 0, 0.5, 0.5], "texture": "#1"}
			}
		},
		{
			"from": [7.75, 1.75, 7.75],
			"to": [8.25, 2.25, 8.25],
			"faces": {
				"north": {"uv": [0, 0, 0.5, 0.5], "texture": "#1"},
				"east": {"uv": [0, 0, 0.5, 0.5], "texture": "#1"},
				"south": {"uv": [0, 0, 0.5, 0.5], "texture": "#1"},
				"west": {"uv": [0, 0, 0.5, 0.5], "texture": "#1"},
				"up": {"uv": [0, 0, 0.5, 0.5], "texture": "#1"},
				"down": {"uv": [0, 0, 0.5, 0.5], "texture": "#1"}
			}
		},
		{
			"from": [7.75, 0.75, 7.75],
			"to": [8.25, 1.25, 8.25],
			"faces": {
				"north": {"uv": [0, 0, 0.5, 0.5], "texture": "#1"},
				"east": {"uv": [0, 0, 0.5, 0.5], "texture": "#1"},
				"south": {"uv": [0, 0, 0.5, 0.5], "texture": "#1"},
				"west": {"uv": [0, 0, 0.5, 0.5], "texture": "#1"},
				"up": {"uv": [0, 0, 0.5, 0.5], "texture": "#1"},
				"down": {"uv": [0, 0, 0.5, 0.5], "texture": "#1"}
			}
		},
		{
			"from": [7.75, 3.25, 7.75],
			"to": [8.25, 3.75, 8.25],
			"faces": {
				"north": {"uv": [0, 0, 0.5, 0.5], "texture": "#3"},
				"east": {"uv": [0, 0, 0.5, 0.5], "texture": "#3"},
				"south": {"uv": [0, 0, 0.5, 0.5], "texture": "#3"},
				"west": {"uv": [0, 0, 0.5, 0.5], "texture": "#3"},
				"up": {"uv": [0, 0, 0.5, 0.5], "texture": "#3"},
				"down": {"uv": [0, 0, 0.5, 0.5], "texture": "#3"}
			}
		},
		{
			"from": [7.75, 2.25, 7.75],
			"to": [8.25, 2.75, 8.25],
			"faces": {
				"north": {"uv": [0, 0, 0.5, 0.5], "texture": "#3"},
				"east": {"uv": [0, 0, 0.5, 0.5], "texture": "#3"},
				"south": {"uv": [0, 0, 0.5, 0.5], "texture": "#3"},
				"west": {"uv": [0, 0, 0.5, 0.5], "texture": "#3"},
				"up": {"uv": [0, 0, 0.5, 0.5], "texture": "#3"},
				"down": {"uv": [0, 0, 0.5, 0.5], "texture": "#3"}
			}
		},
		{
			"from": [7.75, 1.25, 7.75],
			"to": [8.25, 1.75, 8.25],
			"faces": {
				"north": {"uv": [0, 0, 0.5, 0.5], "texture": "#3"},
				"east": {"uv": [0, 0, 0.5, 0.5], "texture": "#3"},
				"south": {"uv": [0, 0, 0.5, 0.5], "texture": "#3"},
				"west": {"uv": [0, 0, 0.5, 0.5], "texture": "#3"},
				"up": {"uv": [0, 0, 0.5, 0.5], "texture": "#3"},
				"down": {"uv": [0, 0, 0.5, 0.5], "texture": "#3"}
			}
		},
		{
			"from": [7.75, 0.25, 7.75],
			"to": [8.25, 0.75, 8.25],
			"faces": {
				"north": {"uv": [0, 0, 0.5, 0.5], "texture": "#3"},
				"east": {"uv": [0, 0, 0.5, 0.5], "texture": "#3"},
				"south": {"uv": [0, 0, 0.5, 0.5], "texture": "#3"},
				"west": {"uv": [0, 0, 0.5, 0.5], "texture": "#3"},
				"up": {"uv": [0, 0, 0.5, 0.5], "texture": "#3"},
				"down": {"uv": [0, 0, 0.5, 0.5], "texture": "#3"}
			}
		},
		{
			"from": [7.8, 0.25, 7.3],
			"to": [7.9, 4.75, 7.4],
			"rotation": {"angle": 45, "axis": "y", "origin": [7.85, 2.5, 7.35], "rescale": true},
			"faces": {
				"north": {"uv": [0, 0, 0.1, 4.5], "texture": "#3"},
				"east": {"uv": [0, 0, 0.1, 4.5], "texture": "#3"},
				"south": {"uv": [0, 0, 0.1, 4.5], "texture": "#3"},
				"west": {"uv": [0, 0, 0.1, 4.5], "texture": "#3"},
				"up": {"uv": [0, 0, 0.1, 0.1], "texture": "#3"},
				"down": {"uv": [0, 0, 0.1, 0.1], "texture": "#3"}
			}
		},
		{
			"from": [8.1, 0.25, 7.3],
			"to": [8.2, 4.75, 7.4],
			"rotation": {"angle": 45, "axis": "y", "origin": [8.15, 2.5, 7.35], "rescale": true},
			"faces": {
				"north": {"uv": [0, 0, 0.1, 4.5], "texture": "#3"},
				"east": {"uv": [0, 0, 0.1, 4.5], "texture": "#3"},
				"south": {"uv": [0, 0, 0.1, 4.5], "texture": "#3"},
				"west": {"uv": [0, 0, 0.1, 4.5], "texture": "#3"},
				"up": {"uv": [0, 0, 0.1, 0.1], "texture": "#3"},
				"down": {"uv": [0, 0, 0.1, 0.1], "texture": "#3"}
			}
		},
		{
			"from": [7.85, 0.25, 7.25],
			"to": [8.15, 4.75, 7.5],
			"faces": {
				"north": {"uv": [0, 0, 0.3, 4.5], "texture": "#3"},
				"east": {"uv": [0, 0, 0.25, 4.5], "texture": "#3"},
				"south": {"uv": [0, 0, 0.3, 4.5], "texture": "#3"},
				"west": {"uv": [0, 0, 0.25, 4.5], "texture": "#3"},
				"up": {"uv": [0, 0, 0.3, 0.25], "texture": "#3"},
				"down": {"uv": [0, 0, 0.3, 0.25], "texture": "#3"}
			}
		},
		{
			"from": [7.75, 0.25, 7.35],
			"to": [8.25, 4.75, 7.75],
			"faces": {
				"north": {"uv": [0, 0, 0.5, 4.5], "texture": "#3"},
				"east": {"uv": [0, 0, 0.4, 4.5], "texture": "#3"},
				"south": {"uv": [0, 0, 0.5, 4.5], "texture": "#3"},
				"west": {"uv": [0, 0, 0.4, 4.5], "texture": "#3"},
				"up": {"uv": [0, 0, 0.5, 0.4], "texture": "#3"},
				"down": {"uv": [0, 0, 0.5, 0.4], "texture": "#3"}
			}
		},
		{
			"from": [7.75, 0.25, 8.25],
			"to": [8.25, 4.75, 8.65],
			"faces": {
				"north": {"uv": [0, 0, 0.5, 4.5], "texture": "#3"},
				"east": {"uv": [0, 0, 0.4, 4.5], "texture": "#3"},
				"south": {"uv": [0, 0, 0.5, 4.5], "texture": "#3"},
				"west": {"uv": [0, 0, 0.4, 4.5], "texture": "#3"},
				"up": {"uv": [0, 0, 0.5, 0.4], "texture": "#3"},
				"down": {"uv": [0, 0, 0.5, 0.4], "texture": "#3"}
			}
		},
		{
			"from": [7.8, 0.25, 8.6],
			"to": [7.9, 4.75, 8.7],
			"rotation": {"angle": 45, "axis": "y", "origin": [7.85, 2.5, 8.65], "rescale": true},
			"faces": {
				"north": {"uv": [0, 0, 0.1, 4.5], "texture": "#3"},
				"east": {"uv": [0, 0, 0.1, 4.5], "texture": "#3"},
				"south": {"uv": [0, 0, 0.1, 4.5], "texture": "#3"},
				"west": {"uv": [0, 0, 0.1, 4.5], "texture": "#3"},
				"up": {"uv": [0, 0, 0.1, 0.1], "texture": "#3"},
				"down": {"uv": [0, 0, 0.1, 0.1], "texture": "#3"}
			}
		},
		{
			"from": [7.85, 0.25, 8.5],
			"to": [8.15, 4.75, 8.75],
			"faces": {
				"north": {"uv": [0, 0, 0.3, 4.5], "texture": "#3"},
				"east": {"uv": [0, 0, 0.25, 4.5], "texture": "#3"},
				"south": {"uv": [0, 0, 0.3, 4.5], "texture": "#3"},
				"west": {"uv": [0, 0, 0.25, 4.5], "texture": "#3"},
				"up": {"uv": [0, 0, 0.3, 0.25], "texture": "#3"},
				"down": {"uv": [0, 0, 0.3, 0.25], "texture": "#3"}
			}
		},
		{
			"from": [8.1, 0.25, 8.6],
			"to": [8.2, 4.75, 8.7],
			"rotation": {"angle": 45, "axis": "y", "origin": [8.15, 2.5, 8.65], "rescale": true},
			"faces": {
				"north": {"uv": [0, 0, 0.1, 4.5], "texture": "#3"},
				"east": {"uv": [0, 0, 0.1, 4.5], "texture": "#3"},
				"south": {"uv": [0, 0, 0.1, 4.5], "texture": "#3"},
				"west": {"uv": [0, 0, 0.1, 4.5], "texture": "#3"},
				"up": {"uv": [0, 0, 0.1, 0.1], "texture": "#3"},
				"down": {"uv": [0, 0, 0.1, 0.1], "texture": "#3"}
			}
		}
	],
	"display": {
		"thirdperson_righthand": {
			"rotation": [0, 0, 0],
			"translation": [0, 3.5, 0.5]
		},
		"firstperson_righthand": {
			"scale": [1, 1, 0.68],
			"translation": [3, 5, 0],
			"rotation": [5, 0, 0]
		},
		"firstperson_lefthand": {
			"scale": [1, 1, 0.68],
			"rotation": [5, 0, 0],
			"translation": [3, 5, 0]
		},
		"gui": {
			"scale": [0.75, 0.75, 0.75],
			"rotation": [-90, 45, 90],
			"translation": [2, -2, 0]
		},
		"thirdperson_lefthand": {
			"rotation": [0, 0, 0],
			"translation": [0, 3.5, 0.5]
		},
		"head": {
			"rotation": [90, 0, 0]
		},
		"ground": {
			"scale": [0.75, 0.75, 0.75],
			"rotation": [25, 0, 0],
			"translation": [0, 2, 0]
		},
		"fixed": {
			"scale": [0.75, 0.75, 0.75],
			"translation": [0, -3, -1],
			"rotation": [0, 90, 0]
		}
	},
	"groups": [
		{
			"name": "blade",
			"isOpen": true,
			"shade": true,
			"display": {
				"visibility": true,
				"autouv": true
			},
			"children": [0, 1, 2, 3, 4, 5]
		},
		{
			"name": "handle",
			"isOpen": true,
			"shade": true,
			"display": {
				"visibility": true,
				"autouv": true
			},
			"children": [6, 7, 8, 9, 10, 11, 12, 13, 14, 15, 16, 17, 18, 19, 20, 21, 22, 23, 24, 25, 26, 27, 28, 29, 30]
		}
	]
}