{
	"credit": "Made with Blockbench, a free, modern block model editor by JannisX11",
	"textures": {
		"0": "custom/concrete_gray",
		"1": "custom/radar",
		"particle": "custom/concrete_gray"
	},
	"elements": [
		{
			"name": "cube",
			"from": [1, 1, 13.5],
			"to": [15, 15, 16],
			"faces": {
				"north": {
					"uv": [0, 0, 15.875, 15.875],
					"texture": "#1"
				},
				"east": {"uv": [0, 0, 2.5, 12], "texture": "#0"},
				"south": {"uv": [0, 0, 12, 12], "texture": "#0"},
				"west": {"uv": [0, 0, 2.5, 12], "texture": "#0"},
				"up": {
					"uv": [0, 0, 2.5, 12],
					"texture": "#0",
					"rotation": 270
				},
				"down": {
					"uv": [0, 0, 2.5, 12],
					"texture": "#0",
					"rotation": 90
				}
			}
		},
		{
			"name": "cube",
			"from": [0, 0, 13],
			"to": [15, 1, 16],
			"faces": {
				"north": {"uv": [0, 0, 15, 1], "texture": "#0"},
				"east": {"uv": [0, 0, 3, 1], "texture": "#0"},
				"south": {"uv": [0, 0, 15, 1], "texture": "#0"},
				"west": {"uv": [0, 0, 3, 1], "texture": "#0"},
				"up": {
					"uv": [0, 0, 3, 15],
					"texture": "#0",
					"rotation": 270
				},
				"down": {
					"uv": [0, 0, 3, 15],
					"texture": "#0",
					"rotation": 90
				}
			}
		},
		{
			"name": "cube",
			"from": [1, 15, 13],
			"to": [16, 16, 16],
			"faces": {
				"north": {"uv": [0, 0, 15, 1], "texture": "#0"},
				"east": {"uv": [0, 0, 3, 1], "texture": "#0"},
				"south": {"uv": [0, 0, 15, 1], "texture": "#0"},
				"west": {"uv": [0, 0, 3, 1], "texture": "#0"},
				"up": {
					"uv": [0, 0, 3, 15],
					"texture": "#0",
					"rotation": 270
				},
				"down": {
					"uv": [0, 0, 3, 15],
					"texture": "#0",
					"rotation": 90
				}
			}
		},
		{
			"name": "cube",
			"from": [0, 1, 13],
			"to": [1, 16, 16],
			"faces": {
				"north": {"uv": [0, 0, 1, 15], "texture": "#0"},
				"east": {"uv": [0, 0, 3, 15], "texture": "#0"},
				"south": {"uv": [0, 0, 1, 15], "texture": "#0"},
				"west": {"uv": [0, 0, 3, 15], "texture": "#0"},
				"up": {
					"uv": [0, 0, 3, 1],
					"texture": "#0",
					"rotation": 270
				},
				"down": {
					"uv": [0, 0, 3, 1],
					"texture": "#0",
					"rotation": 90
				}
			}
		},
		{
			"name": "cube",
			"from": [15, 0, 13],
			"to": [16, 15, 16],
			"faces": {
				"north": {"uv": [0, 0, 1, 15], "texture": "#0"},
				"east": {"uv": [0, 0, 3, 15], "texture": "#0"},
				"south": {"uv": [0, 0, 1, 15], "texture": "#0"},
				"west": {"uv": [0, 0, 3, 15], "texture": "#0"},
				"up": {
					"uv": [0, 0, 3, 1],
					"texture": "#0",
					"rotation": 270
				},
				"down": {
					"uv": [0, 0, 3, 1],
					"texture": "#0",
					"rotation": 90
				}
			}
		}
	],
	"display": {
		"thirdperson_righthand": {
			"scale": [0.4, 0.4, 0.4],
			"rotation": [0, 180, 0],
			"translation": [0, 2.5, 4]
		},
		"head": {"translation": [0, 0, -13]},
		"ground": {
			"scale": [0.45, 0.45, 0.45],
			"rotation": [90, 0, 0],
			"translation": [0, 0, 0]
		},
		"fixed": {
			"scale": [1.6, 1.6, 1.6],
			"translation": [0, 0, -11]
		},
		"gui": {"rotation": [0, 180, 0]},
		"thirdperson_lefthand": {
			"scale": [0.4, 0.4, 0.4],
			"rotation": [0, 180, 0],
			"translation": [0, 2.5, 4]
		},
		"firstperson_righthand": {
			"scale": [0.5, 0.5, 0.5],
			"rotation": [0, 160, 0],
			"translation": [3, 2.5, 0]
		},
		"firstperson_lefthand": {
			"scale": [0.5, 0.5, 0.5],
			"rotation": [0, 160, 0],
			"translation": [3, 2.5, 0]
		}
	}
}