{
	"credit": "Made with Blockbench, a free, modern block model editor by JannisX11, model design by bill96012",
	"textures": {
		"0": "custom/unavailable",
		"particle": "custom/unavailable"
	},
	"elements": [
		{
			"from": [-16, 7.5, 0],
			"to": [32, 9.5, 16],
			"faces": {
				"north": {"uv": [0, 0, 16, 2], "texture": "#0"},
				"east": {"uv": [0, 6, 0.25, 10], "texture": "#0", "rotation": 90},
				"south": {"uv": [0, 0, 16, 2], "texture": "#0"},
				"west": {"uv": [15.75, 6, 16, 10], "texture": "#0", "rotation": 90},
				"up": {"uv": [0, 6, 16, 10], "texture": "#0", "rotation": 180},
				"down": {"uv": [0, 0, 16, 4], "texture": "#0"}
			}
		}
	],
	"display": {
		"thirdperson_righthand": {
			"translation": [0, 0, 3],
			"scale": [0.075, 0.05, 0.075]
		},
		"fixed": {
			"scale": [1.85, 1.5, 1.85],
			"rotation": [-90, 0, 0],
			"translation": [0, 0, 1.2]
		},
		"thirdperson_lefthand": {
			"translation": [0, 0, 3],
			"scale": [0.075, 0.05, 0.075]
		},
		"head": {
			"scale": [0.25, 0.5, 0.25],
			"rotation": [-90, 0, 0],
			"translation": [0, 0, -6.5]
		},
		"firstperson_righthand": {
			"scale": [0.15, 0.15, 0.15],
			"rotation": [85, 180, -15],
			"translation": [0, 3, 0]
		},
		"firstperson_lefthand": {
			"scale": [0.15, 0.15, 0.15],
			"rotation": [85, 180, -15],
			"translation": [0, 3, 0]
		},
		"ground": {
			"scale": [0.25, 0.25, 0.25],
			"rotation": [-90, 0, 0]
		},
		"gui": {
			"scale": [0.65, 1, 0.65],
			"rotation": [90, 180, 0]
		}
	}
}