{
	"credit": "Made with Blockbench, a free, modern block model editor by JannisX11, model design by bill96012",
	"textures": {
		"0": "custom/keyboard_laser_button_0",
		"particle": "custom/keyboard_laser_button_0"
	},
	"elements": [
		{
			"from": [13.95777, 0.12664, 5.40372],
			"to": [14.70777, 0.12664, 5.90372],
			"faces": {
				"north": {"uv": [0, 0, 0.75, 0], "texture": "#0"},
				"east": {"uv": [0, 0, 0.5, 0], "texture": "#0"},
				"south": {"uv": [0, 0, 0.75, 0], "texture": "#0"},
				"west": {"uv": [0, 0, 0.5, 0], "texture": "#0"},
				"up": {"uv": [0, 0, 16, 16], "texture": "#0"},
				"down": {"uv": [0, 0, 0.75, 0.5], "texture": "#0", "rotation": 180}
			}
		},
		{
			"from": [12.95777, 0.12664, 5.40372],
			"to": [13.70777, 0.12664, 5.90372],
			"faces": {
				"north": {"uv": [0, 0, 0.75, 0], "texture": "#0"},
				"east": {"uv": [0, 0, 0.5, 0], "texture": "#0"},
				"south": {"uv": [0, 0, 0.75, 0], "texture": "#0"},
				"west": {"uv": [0, 0, 0.5, 0], "texture": "#0"},
				"up": {"uv": [0, 0, 16, 16], "texture": "#0"},
				"down": {"uv": [0, 0, 0.75, 0.5], "texture": "#0", "rotation": 180}
			}
		},
		{
			"from": [11.95777, 0.12664, 5.40372],
			"to": [12.70777, 0.12664, 5.90372],
			"faces": {
				"north": {"uv": [0, 0, 0.75, 0], "texture": "#0"},
				"east": {"uv": [0, 0, 0.5, 0], "texture": "#0"},
				"south": {"uv": [0, 0, 0.75, 0], "texture": "#0"},
				"west": {"uv": [0, 0, 0.5, 0], "texture": "#0"},
				"up": {"uv": [0, 0, 16, 16], "texture": "#0"},
				"down": {"uv": [0, 0, 0.75, 0.5], "texture": "#0", "rotation": 180}
			}
		},
		{
			"from": [10.95777, 0.12664, 5.40372],
			"to": [11.70777, 0.12664, 5.90372],
			"faces": {
				"north": {"uv": [0, 0, 0.75, 0], "texture": "#0"},
				"east": {"uv": [0, 0, 0.5, 0], "texture": "#0"},
				"south": {"uv": [0, 0, 0.75, 0], "texture": "#0"},
				"west": {"uv": [0, 0, 0.5, 0], "texture": "#0"},
				"up": {"uv": [0, 0, 16, 16], "texture": "#0"},
				"down": {"uv": [0, 0, 0.75, 0.5], "texture": "#0", "rotation": 180}
			}
		},
		{
			"from": [9.70777, 0.12664, 5.40372],
			"to": [10.45777, 0.12664, 5.90372],
			"faces": {
				"north": {"uv": [0, 0, 0.75, 0], "texture": "#0"},
				"east": {"uv": [0, 0, 0.5, 0], "texture": "#0"},
				"south": {"uv": [0, 0, 0.75, 0], "texture": "#0"},
				"west": {"uv": [0, 0, 0.5, 0], "texture": "#0"},
				"up": {"uv": [0, 0, 16, 16], "texture": "#0"},
				"down": {"uv": [0, 0, 0.75, 0.5], "texture": "#0", "rotation": 180}
			}
		},
		{
			"from": [8.70777, 0.12664, 5.40372],
			"to": [9.45777, 0.12664, 5.90372],
			"faces": {
				"north": {"uv": [0, 0, 0.75, 0], "texture": "#0"},
				"east": {"uv": [0, 0, 0.5, 0], "texture": "#0"},
				"south": {"uv": [0, 0, 0.75, 0], "texture": "#0"},
				"west": {"uv": [0, 0, 0.5, 0], "texture": "#0"},
				"up": {"uv": [0, 0, 16, 16], "texture": "#0"},
				"down": {"uv": [0, 0, 0.75, 0.5], "texture": "#0", "rotation": 180}
			}
		},
		{
			"from": [7.70777, 0.12664, 5.40372],
			"to": [8.45777, 0.12664, 5.90372],
			"faces": {
				"north": {"uv": [0, 0, 0.75, 0], "texture": "#0"},
				"east": {"uv": [0, 0, 0.5, 0], "texture": "#0"},
				"south": {"uv": [0, 0, 0.75, 0], "texture": "#0"},
				"west": {"uv": [0, 0, 0.5, 0], "texture": "#0"},
				"up": {"uv": [0, 0, 16, 16], "texture": "#0"},
				"down": {"uv": [0, 0, 0.75, 0.5], "texture": "#0", "rotation": 180}
			}
		},
		{
			"from": [6.70777, 0.12664, 5.40372],
			"to": [7.45777, 0.12664, 5.90372],
			"faces": {
				"north": {"uv": [0, 0, 0.75, 0], "texture": "#0"},
				"east": {"uv": [0, 0, 0.5, 0], "texture": "#0"},
				"south": {"uv": [0, 0, 0.75, 0], "texture": "#0"},
				"west": {"uv": [0, 0, 0.5, 0], "texture": "#0"},
				"up": {"uv": [0, 0, 16, 16], "texture": "#0"},
				"down": {"uv": [0, 0, 0.75, 0.5], "texture": "#0", "rotation": 180}
			}
		},
		{
			"from": [5.45777, 0.12664, 5.40372],
			"to": [6.20777, 0.12664, 5.90372],
			"faces": {
				"north": {"uv": [0, 0, 0.75, 0], "texture": "#0"},
				"east": {"uv": [0, 0, 0.5, 0], "texture": "#0"},
				"south": {"uv": [0, 0, 0.75, 0], "texture": "#0"},
				"west": {"uv": [0, 0, 0.5, 0], "texture": "#0"},
				"up": {"uv": [0, 0, 16, 16], "texture": "#0"},
				"down": {"uv": [0, 0, 0.75, 0.5], "texture": "#0", "rotation": 180}
			}
		},
		{
			"from": [4.45777, 0.12664, 5.40372],
			"to": [5.20777, 0.12664, 5.90372],
			"faces": {
				"north": {"uv": [0, 0, 0.75, 0], "texture": "#0"},
				"east": {"uv": [0, 0, 0.5, 0], "texture": "#0"},
				"south": {"uv": [0, 0, 0.75, 0], "texture": "#0"},
				"west": {"uv": [0, 0, 0.5, 0], "texture": "#0"},
				"up": {"uv": [0, 0, 16, 16], "texture": "#0"},
				"down": {"uv": [0, 0, 0.75, 0.5], "texture": "#0", "rotation": 180}
			}
		},
		{
			"from": [3.45777, 0.12664, 5.40372],
			"to": [4.20777, 0.12664, 5.90372],
			"faces": {
				"north": {"uv": [0, 0, 0.75, 0], "texture": "#0"},
				"east": {"uv": [0, 0, 0.5, 0], "texture": "#0"},
				"south": {"uv": [0, 0, 0.75, 0], "texture": "#0"},
				"west": {"uv": [0, 0, 0.5, 0], "texture": "#0"},
				"up": {"uv": [0, 0, 16, 16], "texture": "#0"},
				"down": {"uv": [0, 0, 0.75, 0.5], "texture": "#0", "rotation": 180}
			}
		},
		{
			"from": [2.45777, 0.12664, 5.40372],
			"to": [3.20777, 0.12664, 5.90372],
			"faces": {
				"north": {"uv": [0, 0, 0.75, 0], "texture": "#0"},
				"east": {"uv": [0, 0, 0.5, 0], "texture": "#0"},
				"south": {"uv": [0, 0, 0.75, 0], "texture": "#0"},
				"west": {"uv": [0, 0, 0.5, 0], "texture": "#0"},
				"up": {"uv": [0, 0, 16, 16], "texture": "#0"},
				"down": {"uv": [0, 0, 0.75, 0.5], "texture": "#0", "rotation": 180}
			}
		},
		{
			"name": "esc",
			"from": [0.95777, 0.12664, 5.40372],
			"to": [1.70777, 0.12664, 5.90372],
			"faces": {
				"north": {"uv": [0, 0, 0.75, 0], "texture": "#0"},
				"east": {"uv": [0, 0, 0.5, 0], "texture": "#0"},
				"south": {"uv": [0, 0, 0.75, 0], "texture": "#0"},
				"west": {"uv": [0, 0, 0.5, 0], "texture": "#0"},
				"up": {"uv": [0, 0, 16, 16], "texture": "#0"},
				"down": {"uv": [0, 0, 0.75, 0.5], "texture": "#0", "rotation": 180}
			}
		},
		{
			"from": [12.95777, 0.12664, 6.40372],
			"to": [13.70777, 0.12664, 7.15372],
			"faces": {
				"north": {"uv": [0, 0, 0.75, 0], "texture": "#3"},
				"east": {"uv": [0, 0, 0.75, 0], "texture": "#3"},
				"south": {"uv": [0, 0, 0.75, 0], "texture": "#3"},
				"west": {"uv": [0, 0, 0.75, 0], "texture": "#3"},
				"up": {"uv": [0, 0, 16, 16], "texture": "#0"},
				"down": {"uv": [0, 0, 0.75, 0.75], "texture": "#3", "rotation": 180}
			}
		},
		{
			"from": [13.20777, 0.12664, 7.40372],
			"to": [13.95777, 0.12664, 8.15372],
			"faces": {
				"north": {"uv": [0, 0, 0.75, 0], "texture": "#3"},
				"east": {"uv": [0, 0, 0.75, 0], "texture": "#3"},
				"south": {"uv": [0, 0, 0.75, 0], "texture": "#3"},
				"west": {"uv": [0, 0, 0.75, 0], "texture": "#3"},
				"up": {"uv": [0, 0, 16, 16], "texture": "#0"},
				"down": {"uv": [0, 0, 0.75, 0.75], "texture": "#3", "rotation": 180}
			}
		},
		{
			"from": [12.20777, 0.12664, 7.40372],
			"to": [12.95777, 0.12664, 8.15372],
			"faces": {
				"north": {"uv": [0, 0, 0.75, 0], "texture": "#3"},
				"east": {"uv": [0, 0, 0.75, 0], "texture": "#3"},
				"south": {"uv": [0, 0, 0.75, 0], "texture": "#3"},
				"west": {"uv": [0, 0, 0.75, 0], "texture": "#3"},
				"up": {"uv": [0, 0, 16, 16], "texture": "#0"},
				"down": {"uv": [0, 0, 0.75, 0.75], "texture": "#3", "rotation": 180}
			}
		},
		{
			"from": [11.95777, 0.12664, 6.40372],
			"to": [12.70777, 0.12664, 7.15372],
			"faces": {
				"north": {"uv": [0, 0, 0.75, 0], "texture": "#3"},
				"east": {"uv": [0, 0, 0.75, 0], "texture": "#3"},
				"south": {"uv": [0, 0, 0.75, 0], "texture": "#3"},
				"west": {"uv": [0, 0, 0.75, 0], "texture": "#3"},
				"up": {"uv": [0, 0, 16, 16], "texture": "#0"},
				"down": {"uv": [0, 0, 0.75, 0.75], "texture": "#3", "rotation": 180}
			}
		},
		{
			"from": [12.45777, 0.12664, 8.40372],
			"to": [13.20777, 0.12664, 9.15372],
			"faces": {
				"north": {"uv": [0, 0, 0.75, 0], "texture": "#3"},
				"east": {"uv": [0, 0, 0.75, 0], "texture": "#3"},
				"south": {"uv": [0, 0, 0.75, 0], "texture": "#3"},
				"west": {"uv": [0, 0, 0.75, 0], "texture": "#3"},
				"up": {"uv": [0, 0, 16, 16], "texture": "#0"},
				"down": {"uv": [0, 0, 0.75, 0.75], "texture": "#3", "rotation": 180}
			}
		},
		{
			"from": [12.20777, 0.12664, 9.40372],
			"to": [12.95777, 0.12664, 10.15372],
			"faces": {
				"north": {"uv": [0, 0, 0.75, 0], "texture": "#3"},
				"east": {"uv": [0, 0, 0.75, 0], "texture": "#3"},
				"south": {"uv": [0, 0, 0.75, 0], "texture": "#3"},
				"west": {"uv": [0, 0, 0.75, 0], "texture": "#3"},
				"up": {"uv": [0, 0, 16, 16], "texture": "#0"},
				"down": {"uv": [0, 0, 0.75, 0.75], "texture": "#3", "rotation": 180}
			}
		},
		{
			"from": [11.20777, 0.12664, 9.40372],
			"to": [11.95777, 0.12664, 10.15372],
			"faces": {
				"north": {"uv": [0, 0, 0.75, 0], "texture": "#3"},
				"east": {"uv": [0, 0, 0.75, 0], "texture": "#3"},
				"south": {"uv": [0, 0, 0.75, 0], "texture": "#3"},
				"west": {"uv": [0, 0, 0.75, 0], "texture": "#3"},
				"up": {"uv": [0, 0, 16, 16], "texture": "#0"},
				"down": {"uv": [0, 0, 0.75, 0.75], "texture": "#3", "rotation": 180}
			}
		},
		{
			"from": [11.45777, 0.12664, 8.40372],
			"to": [12.20777, 0.12664, 9.15372],
			"faces": {
				"north": {"uv": [0, 0, 0.75, 0], "texture": "#3"},
				"east": {"uv": [0, 0, 0.75, 0], "texture": "#3"},
				"south": {"uv": [0, 0, 0.75, 0], "texture": "#3"},
				"west": {"uv": [0, 0, 0.75, 0], "texture": "#3"},
				"up": {"uv": [0, 0, 16, 16], "texture": "#0"},
				"down": {"uv": [0, 0, 0.75, 0.75], "texture": "#3", "rotation": 180}
			}
		},
		{
			"from": [11.20777, 0.12664, 7.40372],
			"to": [11.95777, 0.12664, 8.15372],
			"faces": {
				"north": {"uv": [0, 0, 0.75, 0], "texture": "#3"},
				"east": {"uv": [0, 0, 0.75, 0], "texture": "#3"},
				"south": {"uv": [0, 0, 0.75, 0], "texture": "#3"},
				"west": {"uv": [0, 0, 0.75, 0], "texture": "#3"},
				"up": {"uv": [0, 0, 16, 16], "texture": "#0"},
				"down": {"uv": [0, 0, 0.75, 0.75], "texture": "#3", "rotation": 180}
			}
		},
		{
			"from": [10.95777, 0.12664, 6.40372],
			"to": [11.70777, 0.12664, 7.15372],
			"faces": {
				"north": {"uv": [0, 0, 0.75, 0], "texture": "#6"},
				"east": {"uv": [0, 0, 0.75, 0], "texture": "#6"},
				"south": {"uv": [0, 0, 0.75, 0], "texture": "#6"},
				"west": {"uv": [0, 0, 0.75, 0], "texture": "#6"},
				"up": {"uv": [0, 0, 16, 16], "texture": "#0"},
				"down": {"uv": [0, 0, 0.75, 0.75], "texture": "#6", "rotation": 180}
			}
		},
		{
			"from": [9.95777, 0.12664, 6.40372],
			"to": [10.70777, 0.12664, 7.15372],
			"faces": {
				"north": {"uv": [0, 0, 0.75, 0], "texture": "#6"},
				"east": {"uv": [0, 0, 0.75, 0], "texture": "#6"},
				"south": {"uv": [0, 0, 0.75, 0], "texture": "#6"},
				"west": {"uv": [0, 0, 0.75, 0], "texture": "#6"},
				"up": {"uv": [0, 0, 16, 16], "texture": "#0"},
				"down": {"uv": [0, 0, 0.75, 0.75], "texture": "#6", "rotation": 180}
			}
		},
		{
			"from": [10.20777, 0.12664, 7.40372],
			"to": [10.95777, 0.12664, 8.15372],
			"faces": {
				"north": {"uv": [0, 0, 0.75, 0], "texture": "#3"},
				"east": {"uv": [0, 0, 0.75, 0], "texture": "#3"},
				"south": {"uv": [0, 0, 0.75, 0], "texture": "#3"},
				"west": {"uv": [0, 0, 0.75, 0], "texture": "#3"},
				"up": {"uv": [0, 0, 16, 16], "texture": "#0"},
				"down": {"uv": [0, 0, 0.75, 0.75], "texture": "#3", "rotation": 180}
			}
		},
		{
			"from": [10.45777, 0.12664, 8.40372],
			"to": [11.20777, 0.12664, 9.15372],
			"faces": {
				"north": {"uv": [0, 0, 0.75, 0], "texture": "#3"},
				"east": {"uv": [0, 0, 0.75, 0], "texture": "#3"},
				"south": {"uv": [0, 0, 0.75, 0], "texture": "#3"},
				"west": {"uv": [0, 0, 0.75, 0], "texture": "#3"},
				"up": {"uv": [0, 0, 16, 16], "texture": "#0"},
				"down": {"uv": [0, 0, 0.75, 0.75], "texture": "#3", "rotation": 180}
			}
		},
		{
			"from": [10.20777, 0.12664, 9.40372],
			"to": [10.95777, 0.12664, 10.15372],
			"faces": {
				"north": {"uv": [0, 0, 0.75, 0], "texture": "#3"},
				"east": {"uv": [0, 0, 0.75, 0], "texture": "#3"},
				"south": {"uv": [0, 0, 0.75, 0], "texture": "#3"},
				"west": {"uv": [0, 0, 0.75, 0], "texture": "#3"},
				"up": {"uv": [0, 0, 16, 16], "texture": "#0"},
				"down": {"uv": [0, 0, 0.75, 0.75], "texture": "#3", "rotation": 180}
			}
		},
		{
			"from": [9.20777, 0.12664, 9.40372],
			"to": [9.95777, 0.12664, 10.15372],
			"faces": {
				"north": {"uv": [0, 0, 0.75, 0], "texture": "#3"},
				"east": {"uv": [0, 0, 0.75, 0], "texture": "#3"},
				"south": {"uv": [0, 0, 0.75, 0], "texture": "#3"},
				"west": {"uv": [0, 0, 0.75, 0], "texture": "#3"},
				"up": {"uv": [0, 0, 16, 16], "texture": "#0"},
				"down": {"uv": [0, 0, 0.75, 0.75], "texture": "#3", "rotation": 180}
			}
		},
		{
			"from": [9.45777, 0.12664, 8.40372],
			"to": [10.20777, 0.12664, 9.15372],
			"faces": {
				"north": {"uv": [0, 0, 0.75, 0], "texture": "#3"},
				"east": {"uv": [0, 0, 0.75, 0], "texture": "#3"},
				"south": {"uv": [0, 0, 0.75, 0], "texture": "#3"},
				"west": {"uv": [0, 0, 0.75, 0], "texture": "#3"},
				"up": {"uv": [0, 0, 16, 16], "texture": "#0"},
				"down": {"uv": [0, 0, 0.75, 0.75], "texture": "#3", "rotation": 180}
			}
		},
		{
			"from": [9.20777, 0.12664, 7.40372],
			"to": [9.95777, 0.12664, 8.15372],
			"faces": {
				"north": {"uv": [0, 0, 0.75, 0], "texture": "#3"},
				"east": {"uv": [0, 0, 0.75, 0], "texture": "#3"},
				"south": {"uv": [0, 0, 0.75, 0], "texture": "#3"},
				"west": {"uv": [0, 0, 0.75, 0], "texture": "#3"},
				"up": {"uv": [0, 0, 16, 16], "texture": "#0"},
				"down": {"uv": [0, 0, 0.75, 0.75], "texture": "#3", "rotation": 180}
			}
		},
		{
			"from": [8.95777, 0.12664, 6.40372],
			"to": [9.70777, 0.12664, 7.15372],
			"faces": {
				"north": {"uv": [0, 0, 0.75, 0], "texture": "#6"},
				"east": {"uv": [0, 0, 0.75, 0], "texture": "#6"},
				"south": {"uv": [0, 0, 0.75, 0], "texture": "#6"},
				"west": {"uv": [0, 0, 0.75, 0], "texture": "#6"},
				"up": {"uv": [0, 0, 16, 16], "texture": "#0"},
				"down": {"uv": [0, 0, 0.75, 0.75], "texture": "#6", "rotation": 180}
			}
		},
		{
			"from": [7.95777, 0.12664, 6.40372],
			"to": [8.70777, 0.12664, 7.15372],
			"faces": {
				"north": {"uv": [0, 0, 0.75, 0], "texture": "#6"},
				"east": {"uv": [0, 0, 0.75, 0], "texture": "#6"},
				"south": {"uv": [0, 0, 0.75, 0], "texture": "#6"},
				"west": {"uv": [0, 0, 0.75, 0], "texture": "#6"},
				"up": {"uv": [0, 0, 16, 16], "texture": "#0"},
				"down": {"uv": [0, 0, 0.75, 0.75], "texture": "#6", "rotation": 180}
			}
		},
		{
			"from": [8.20777, 0.12664, 7.40372],
			"to": [8.95777, 0.12664, 8.15372],
			"faces": {
				"north": {"uv": [0, 0, 0.75, 0], "texture": "#3"},
				"east": {"uv": [0, 0, 0.75, 0], "texture": "#3"},
				"south": {"uv": [0, 0, 0.75, 0], "texture": "#3"},
				"west": {"uv": [0, 0, 0.75, 0], "texture": "#3"},
				"up": {"uv": [0, 0, 16, 16], "texture": "#0"},
				"down": {"uv": [0, 0, 0.75, 0.75], "texture": "#3", "rotation": 180}
			}
		},
		{
			"from": [8.45777, 0.12664, 8.40372],
			"to": [9.20777, 0.12664, 9.15372],
			"faces": {
				"north": {"uv": [0, 0, 0.75, 0], "texture": "#3"},
				"east": {"uv": [0, 0, 0.75, 0], "texture": "#3"},
				"south": {"uv": [0, 0, 0.75, 0], "texture": "#3"},
				"west": {"uv": [0, 0, 0.75, 0], "texture": "#3"},
				"up": {"uv": [0, 0, 16, 16], "texture": "#0"},
				"down": {"uv": [0, 0, 0.75, 0.75], "texture": "#3", "rotation": 180}
			}
		},
		{
			"from": [8.20777, 0.12664, 9.40372],
			"to": [8.95777, 0.12664, 10.15372],
			"faces": {
				"north": {"uv": [0, 0, 0.75, 0], "texture": "#3"},
				"east": {"uv": [0, 0, 0.75, 0], "texture": "#3"},
				"south": {"uv": [0, 0, 0.75, 0], "texture": "#3"},
				"west": {"uv": [0, 0, 0.75, 0], "texture": "#3"},
				"up": {"uv": [0, 0, 16, 16], "texture": "#0"},
				"down": {"uv": [0, 0, 0.75, 0.75], "texture": "#3", "rotation": 180}
			}
		},
		{
			"from": [7.45777, 0.12664, 8.40372],
			"to": [8.20777, 0.12664, 9.15372],
			"faces": {
				"north": {"uv": [0, 0, 0.75, 0], "texture": "#3"},
				"east": {"uv": [0, 0, 0.75, 0], "texture": "#3"},
				"south": {"uv": [0, 0, 0.75, 0], "texture": "#3"},
				"west": {"uv": [0, 0, 0.75, 0], "texture": "#3"},
				"up": {"uv": [0, 0, 16, 16], "texture": "#0"},
				"down": {"uv": [0, 0, 0.75, 0.75], "texture": "#3", "rotation": 180}
			}
		},
		{
			"from": [7.20777, 0.12664, 7.40372],
			"to": [7.95777, 0.12664, 8.15372],
			"faces": {
				"north": {"uv": [0, 0, 0.75, 0], "texture": "#3"},
				"east": {"uv": [0, 0, 0.75, 0], "texture": "#3"},
				"south": {"uv": [0, 0, 0.75, 0], "texture": "#3"},
				"west": {"uv": [0, 0, 0.75, 0], "texture": "#3"},
				"up": {"uv": [0, 0, 16, 16], "texture": "#0"},
				"down": {"uv": [0, 0, 0.75, 0.75], "texture": "#3", "rotation": 180}
			}
		},
		{
			"from": [6.95777, 0.12664, 6.40372],
			"to": [7.70777, 0.12664, 7.15372],
			"faces": {
				"north": {"uv": [0, 0, 0.75, 0], "texture": "#6"},
				"east": {"uv": [0, 0, 0.75, 0], "texture": "#6"},
				"south": {"uv": [0, 0, 0.75, 0], "texture": "#6"},
				"west": {"uv": [0, 0, 0.75, 0], "texture": "#6"},
				"up": {"uv": [0, 0, 16, 16], "texture": "#0"},
				"down": {"uv": [0, 0, 0.75, 0.75], "texture": "#6", "rotation": 180}
			}
		},
		{
			"from": [5.95777, 0.12664, 6.40372],
			"to": [6.70777, 0.12664, 7.15372],
			"faces": {
				"north": {"uv": [0, 0, 0.75, 0], "texture": "#6"},
				"east": {"uv": [0, 0, 0.75, 0], "texture": "#6"},
				"south": {"uv": [0, 0, 0.75, 0], "texture": "#6"},
				"west": {"uv": [0, 0, 0.75, 0], "texture": "#6"},
				"up": {"uv": [0, 0, 16, 16], "texture": "#0"},
				"down": {"uv": [0, 0, 0.75, 0.75], "texture": "#6", "rotation": 180}
			}
		},
		{
			"from": [6.20777, 0.12664, 7.40372],
			"to": [6.95777, 0.12664, 8.15372],
			"faces": {
				"north": {"uv": [0, 0, 0.75, 0], "texture": "#3"},
				"east": {"uv": [0, 0, 0.75, 0], "texture": "#3"},
				"south": {"uv": [0, 0, 0.75, 0], "texture": "#3"},
				"west": {"uv": [0, 0, 0.75, 0], "texture": "#3"},
				"up": {"uv": [0, 0, 16, 16], "texture": "#0"},
				"down": {"uv": [0, 0, 0.75, 0.75], "texture": "#3", "rotation": 180}
			}
		},
		{
			"from": [6.45777, 0.12664, 8.40372],
			"to": [7.20777, 0.12664, 9.15372],
			"faces": {
				"north": {"uv": [0, 0, 0.75, 0], "texture": "#3"},
				"east": {"uv": [0, 0, 0.75, 0], "texture": "#3"},
				"south": {"uv": [0, 0, 0.75, 0], "texture": "#3"},
				"west": {"uv": [0, 0, 0.75, 0], "texture": "#3"},
				"up": {"uv": [0, 0, 16, 16], "texture": "#0"},
				"down": {"uv": [0, 0, 0.75, 0.75], "texture": "#3", "rotation": 180}
			}
		},
		{
			"from": [7.20777, 0.12664, 9.40372],
			"to": [7.95777, 0.12664, 10.15372],
			"faces": {
				"north": {"uv": [0, 0, 0.75, 0], "texture": "#3"},
				"east": {"uv": [0, 0, 0.75, 0], "texture": "#3"},
				"south": {"uv": [0, 0, 0.75, 0], "texture": "#3"},
				"west": {"uv": [0, 0, 0.75, 0], "texture": "#3"},
				"up": {"uv": [0, 0, 16, 16], "texture": "#0"},
				"down": {"uv": [0, 0, 0.75, 0.75], "texture": "#3", "rotation": 180}
			}
		},
		{
			"from": [6.20777, 0.12664, 9.40372],
			"to": [6.95777, 0.12664, 10.15372],
			"faces": {
				"north": {"uv": [0, 0, 0.75, 0], "texture": "#3"},
				"east": {"uv": [0, 0, 0.75, 0], "texture": "#3"},
				"south": {"uv": [0, 0, 0.75, 0], "texture": "#3"},
				"west": {"uv": [0, 0, 0.75, 0], "texture": "#3"},
				"up": {"uv": [0, 0, 16, 16], "texture": "#0"},
				"down": {"uv": [0, 0, 0.75, 0.75], "texture": "#3", "rotation": 180}
			}
		},
		{
			"from": [5.45777, 0.12664, 8.40372],
			"to": [6.20777, 0.12664, 9.15372],
			"faces": {
				"north": {"uv": [0, 0, 0.75, 0], "texture": "#3"},
				"east": {"uv": [0, 0, 0.75, 0], "texture": "#3"},
				"south": {"uv": [0, 0, 0.75, 0], "texture": "#3"},
				"west": {"uv": [0, 0, 0.75, 0], "texture": "#3"},
				"up": {"uv": [0, 0, 16, 16], "texture": "#0"},
				"down": {"uv": [0, 0, 0.75, 0.75], "texture": "#3", "rotation": 180}
			}
		},
		{
			"from": [5.20777, 0.12664, 7.40372],
			"to": [5.95777, 0.12664, 8.15372],
			"faces": {
				"north": {"uv": [0, 0, 0.75, 0], "texture": "#3"},
				"east": {"uv": [0, 0, 0.75, 0], "texture": "#3"},
				"south": {"uv": [0, 0, 0.75, 0], "texture": "#3"},
				"west": {"uv": [0, 0, 0.75, 0], "texture": "#3"},
				"up": {"uv": [0, 0, 16, 16], "texture": "#0"},
				"down": {"uv": [0, 0, 0.75, 0.75], "texture": "#3", "rotation": 180}
			}
		},
		{
			"from": [4.95777, 0.12664, 6.40372],
			"to": [5.70777, 0.12664, 7.15372],
			"faces": {
				"north": {"uv": [0, 0, 0.75, 0], "texture": "#6"},
				"east": {"uv": [0, 0, 0.75, 0], "texture": "#6"},
				"south": {"uv": [0, 0, 0.75, 0], "texture": "#6"},
				"west": {"uv": [0, 0, 0.75, 0], "texture": "#6"},
				"up": {"uv": [0, 0, 16, 16], "texture": "#0"},
				"down": {"uv": [0, 0, 0.75, 0.75], "texture": "#6", "rotation": 180}
			}
		},
		{
			"from": [3.95777, 0.12664, 6.40372],
			"to": [4.70777, 0.12664, 7.15372],
			"faces": {
				"north": {"uv": [0, 0, 0.75, 0], "texture": "#6"},
				"east": {"uv": [0, 0, 0.75, 0], "texture": "#6"},
				"south": {"uv": [0, 0, 0.75, 0], "texture": "#6"},
				"west": {"uv": [0, 0, 0.75, 0], "texture": "#6"},
				"up": {"uv": [0, 0, 16, 16], "texture": "#0"},
				"down": {"uv": [0, 0, 0.75, 0.75], "texture": "#6", "rotation": 180}
			}
		},
		{
			"from": [4.20777, 0.12664, 7.40372],
			"to": [4.95777, 0.12664, 8.15372],
			"faces": {
				"north": {"uv": [0, 0, 0.75, 0], "texture": "#3"},
				"east": {"uv": [0, 0, 0.75, 0], "texture": "#3"},
				"south": {"uv": [0, 0, 0.75, 0], "texture": "#3"},
				"west": {"uv": [0, 0, 0.75, 0], "texture": "#3"},
				"up": {"uv": [0, 0, 16, 16], "texture": "#0"},
				"down": {"uv": [0, 0, 0.75, 0.75], "texture": "#3", "rotation": 180}
			}
		},
		{
			"from": [4.45777, 0.12664, 8.40372],
			"to": [5.20777, 0.12664, 9.15372],
			"faces": {
				"north": {"uv": [0, 0, 0.75, 0], "texture": "#2"},
				"east": {"uv": [0, 0, 0.75, 0], "texture": "#2"},
				"south": {"uv": [0, 0, 0.75, 0], "texture": "#2"},
				"west": {"uv": [0, 0, 0.75, 0], "texture": "#2"},
				"up": {"uv": [0, 0, 16, 16], "texture": "#0"},
				"down": {"uv": [0, 0, 0.75, 0.75], "texture": "#2", "rotation": 180}
			}
		},
		{
			"from": [5.20777, 0.12664, 9.40372],
			"to": [5.95777, 0.12664, 10.15372],
			"faces": {
				"north": {"uv": [0, 0, 0.75, 0], "texture": "#3"},
				"east": {"uv": [0, 0, 0.75, 0], "texture": "#3"},
				"south": {"uv": [0, 0, 0.75, 0], "texture": "#3"},
				"west": {"uv": [0, 0, 0.75, 0], "texture": "#3"},
				"up": {"uv": [0, 0, 16, 16], "texture": "#0"},
				"down": {"uv": [0, 0, 0.75, 0.75], "texture": "#3", "rotation": 180}
			}
		},
		{
			"from": [4.20777, 0.12664, 9.40372],
			"to": [4.95777, 0.12664, 10.15372],
			"faces": {
				"north": {"uv": [0, 0, 0.75, 0], "texture": "#3"},
				"east": {"uv": [0, 0, 0.75, 0], "texture": "#3"},
				"south": {"uv": [0, 0, 0.75, 0], "texture": "#3"},
				"west": {"uv": [0, 0, 0.75, 0], "texture": "#3"},
				"up": {"uv": [0, 0, 16, 16], "texture": "#0"},
				"down": {"uv": [0, 0, 0.75, 0.75], "texture": "#3", "rotation": 180}
			}
		},
		{
			"from": [3.45777, 0.12664, 8.40372],
			"to": [4.20777, 0.12664, 9.15372],
			"faces": {
				"north": {"uv": [0, 0, 0.75, 0], "texture": "#2"},
				"east": {"uv": [0, 0, 0.75, 0], "texture": "#2"},
				"south": {"uv": [0, 0, 0.75, 0], "texture": "#2"},
				"west": {"uv": [0, 0, 0.75, 0], "texture": "#2"},
				"up": {"uv": [0, 0, 16, 16], "texture": "#0"},
				"down": {"uv": [0, 0, 0.75, 0.75], "texture": "#2", "rotation": 180}
			}
		},
		{
			"from": [3.20777, 0.12664, 7.40372],
			"to": [3.95777, 0.12664, 8.15372],
			"faces": {
				"north": {"uv": [0, 0, 0.75, 0], "texture": "#2"},
				"east": {"uv": [0, 0, 0.75, 0], "texture": "#2"},
				"south": {"uv": [0, 0, 0.75, 0], "texture": "#2"},
				"west": {"uv": [0, 0, 0.75, 0], "texture": "#2"},
				"up": {"uv": [0, 0, 16, 16], "texture": "#0"},
				"down": {"uv": [0, 0, 0.75, 0.75], "texture": "#2", "rotation": 180}
			}
		},
		{
			"from": [2.95777, 0.12664, 6.40372],
			"to": [3.70777, 0.12664, 7.15372],
			"faces": {
				"north": {"uv": [0, 0, 0.75, 0], "texture": "#6"},
				"east": {"uv": [0, 0, 0.75, 0], "texture": "#6"},
				"south": {"uv": [0, 0, 0.75, 0], "texture": "#6"},
				"west": {"uv": [0, 0, 0.75, 0], "texture": "#6"},
				"up": {"uv": [0, 0, 16, 16], "texture": "#0"},
				"down": {"uv": [0, 0, 0.75, 0.75], "texture": "#6", "rotation": 180}
			}
		},
		{
			"from": [1.95777, 0.12664, 6.40372],
			"to": [2.70777, 0.12664, 7.15372],
			"faces": {
				"north": {"uv": [0, 0, 0.75, 0], "texture": "#6"},
				"east": {"uv": [0, 0, 0.75, 0], "texture": "#6"},
				"south": {"uv": [0, 0, 0.75, 0], "texture": "#6"},
				"west": {"uv": [0, 0, 0.75, 0], "texture": "#6"},
				"up": {"uv": [0, 0, 16, 16], "texture": "#0"},
				"down": {"uv": [0, 0, 0.75, 0.75], "texture": "#6", "rotation": 180}
			}
		},
		{
			"from": [2.20777, 0.12664, 7.40372],
			"to": [2.95777, 0.12664, 8.15372],
			"faces": {
				"north": {"uv": [0, 0, 0.75, 0], "texture": "#3"},
				"east": {"uv": [0, 0, 0.75, 0], "texture": "#3"},
				"south": {"uv": [0, 0, 0.75, 0], "texture": "#3"},
				"west": {"uv": [0, 0, 0.75, 0], "texture": "#3"},
				"up": {"uv": [0, 0, 16, 16], "texture": "#0"},
				"down": {"uv": [0, 0, 0.75, 0.75], "texture": "#3", "rotation": 180}
			}
		},
		{
			"from": [2.45777, 0.12664, 8.40372],
			"to": [3.20777, 0.12664, 9.15372],
			"faces": {
				"north": {"uv": [0, 0, 0.75, 0], "texture": "#2"},
				"east": {"uv": [0, 0, 0.75, 0], "texture": "#2"},
				"south": {"uv": [0, 0, 0.75, 0], "texture": "#2"},
				"west": {"uv": [0, 0, 0.75, 0], "texture": "#2"},
				"up": {"uv": [0, 0, 16, 16], "texture": "#0"},
				"down": {"uv": [0, 0, 0.75, 0.75], "texture": "#2", "rotation": 180}
			}
		},
		{
			"from": [3.20777, 0.12664, 9.40372],
			"to": [3.95777, 0.12664, 10.15372],
			"faces": {
				"north": {"uv": [0, 0, 0.75, 0], "texture": "#3"},
				"east": {"uv": [0, 0, 0.75, 0], "texture": "#3"},
				"south": {"uv": [0, 0, 0.75, 0], "texture": "#3"},
				"west": {"uv": [0, 0, 0.75, 0], "texture": "#3"},
				"up": {"uv": [0, 0, 16, 16], "texture": "#0"},
				"down": {"uv": [0, 0, 0.75, 0.75], "texture": "#3", "rotation": 180}
			}
		},
		{
			"from": [0.95777, 0.12664, 6.40372],
			"to": [1.70777, 0.12664, 7.15372],
			"faces": {
				"north": {"uv": [0, 0, 0.75, 0], "texture": "#3"},
				"east": {"uv": [0, 0, 0.75, 0], "texture": "#3"},
				"south": {"uv": [0, 0, 0.75, 0], "texture": "#3"},
				"west": {"uv": [0, 0, 0.75, 0], "texture": "#3"},
				"up": {"uv": [0, 0, 16, 16], "texture": "#0"},
				"down": {"uv": [0, 0, 0.75, 0.75], "texture": "#3", "rotation": 180}
			}
		},
		{
			"from": [0.95777, 0.12664, 7.40372],
			"to": [1.95777, 0.12664, 8.15372],
			"faces": {
				"north": {"uv": [0.15, 0, 16, 16], "texture": "#0"},
				"east": {"uv": [0.15, 0, 16, 16], "texture": "#0"},
				"south": {"uv": [0.15, 0, 16, 16], "texture": "#0"},
				"west": {"uv": [0.15, 0, 16, 16], "texture": "#0"},
				"up": {"uv": [0.15, 0, 16, 16], "texture": "#0"},
				"down": {"uv": [0.15, 0, 16, 16], "texture": "#0", "rotation": 180}
			}
		},
		{
			"from": [0.95777, 0.12664, 10.40372],
			"to": [1.95777, 0.12664, 11.15372],
			"faces": {
				"north": {"uv": [0, 0, 16, 16], "texture": "#0"},
				"east": {"uv": [0, 0, 16, 16], "texture": "#0"},
				"south": {"uv": [0, 0, 16, 16], "texture": "#0"},
				"west": {"uv": [0, 0, 16, 16], "texture": "#0"},
				"up": {"uv": [0, 0, 16, 16], "texture": "#0"},
				"down": {"uv": [0, 0, 16, 16], "texture": "#0", "rotation": 180}
			}
		},
		{
			"from": [2.20777, 0.12664, 10.40372],
			"to": [3.20777, 0.12664, 11.15372],
			"faces": {
				"north": {"uv": [0, 0, 16, 16], "texture": "#0"},
				"east": {"uv": [0, 0, 16, 16], "texture": "#0"},
				"south": {"uv": [0, 0, 16, 16], "texture": "#0"},
				"west": {"uv": [0, 0, 16, 16], "texture": "#0"},
				"up": {"uv": [0, 0, 16, 16], "texture": "#0"},
				"down": {"uv": [0, 0, 16, 16], "texture": "#0", "rotation": 180}
			}
		},
		{
			"from": [3.45777, 0.12664, 10.40372],
			"to": [4.45777, 0.12664, 11.15372],
			"faces": {
				"north": {"uv": [0, 0, 16, 16], "texture": "#0"},
				"east": {"uv": [0, 0, 16, 16], "texture": "#0"},
				"south": {"uv": [0, 0, 16, 16], "texture": "#0"},
				"west": {"uv": [0, 0, 16, 16], "texture": "#0"},
				"up": {"uv": [0, 0, 16, 16], "texture": "#0"},
				"down": {"uv": [0, 0, 16, 16], "texture": "#0", "rotation": 180}
			}
		},
		{
			"from": [10.70777, 0.12664, 10.40372],
			"to": [11.70777, 0.12664, 11.15372],
			"faces": {
				"north": {"uv": [0, 0, 16, 16], "texture": "#0"},
				"east": {"uv": [0, 0, 16, 16], "texture": "#0"},
				"south": {"uv": [0, 0, 16, 16], "texture": "#0"},
				"west": {"uv": [0, 0, 16, 16], "texture": "#0"},
				"up": {"uv": [0, 0, 16, 16], "texture": "#0"},
				"down": {"uv": [0, 0, 16, 16], "texture": "#0", "rotation": 180}
			}
		},
		{
			"from": [11.95777, 0.12664, 10.40372],
			"to": [12.95777, 0.12664, 11.15372],
			"faces": {
				"north": {"uv": [0, 0, 16, 16], "texture": "#0"},
				"east": {"uv": [0, 0, 16, 16], "texture": "#0"},
				"south": {"uv": [0, 0, 16, 16], "texture": "#0"},
				"west": {"uv": [0, 0, 16, 16], "texture": "#0"},
				"up": {"uv": [0, 0, 16, 16], "texture": "#0"},
				"down": {"uv": [0, 0, 16, 16], "texture": "#0", "rotation": 180}
			}
		},
		{
			"from": [13.20777, 0.12664, 10.40372],
			"to": [14.20777, 0.12664, 11.15372],
			"faces": {
				"north": {"uv": [0, 0, 16, 16], "texture": "#0"},
				"east": {"uv": [0, 0, 16, 16], "texture": "#0"},
				"south": {"uv": [0, 0, 16, 16], "texture": "#0"},
				"west": {"uv": [0, 0, 16, 16], "texture": "#0"},
				"up": {"uv": [0, 0, 16, 16], "texture": "#0"},
				"down": {"uv": [0, 0, 16, 16], "texture": "#0", "rotation": 180}
			}
		},
		{
			"from": [14.45777, 0.12664, 10.40372],
			"to": [15.45777, 0.12664, 11.15372],
			"faces": {
				"north": {"uv": [0, 0, 16, 16], "texture": "#0"},
				"east": {"uv": [0, 0, 16, 16], "texture": "#0"},
				"south": {"uv": [0, 0, 16, 16], "texture": "#0"},
				"west": {"uv": [0, 0, 16, 16], "texture": "#0"},
				"up": {"uv": [0, 0, 16, 16], "texture": "#0"},
				"down": {"uv": [0, 0, 16, 16], "texture": "#0", "rotation": 180}
			}
		},
		{
			"from": [13.45777, 0.12664, 8.40372],
			"to": [15.45777, 0.12664, 9.15372],
			"faces": {
				"north": {"uv": [0, 0, 2, 0], "texture": "#0"},
				"east": {"uv": [0, 0, 0.75, 0], "texture": "#0"},
				"south": {"uv": [0, 0, 2, 0], "texture": "#0"},
				"west": {"uv": [0, 0, 0.75, 0], "texture": "#0"},
				"up": {"uv": [0.5, 0, 16, 16], "texture": "#0"},
				"down": {"uv": [0, 0, 2, 0.75], "texture": "#0", "rotation": 180}
			}
		},
		{
			"from": [13.95777, 0.12664, 6.40372],
			"to": [15.45777, 0.12664, 7.15372],
			"faces": {
				"north": {"uv": [0, 0, 1.5, 0], "texture": "#0"},
				"east": {"uv": [0, 0, 0.75, 0], "texture": "#0"},
				"south": {"uv": [0, 0, 1.5, 0], "texture": "#0"},
				"west": {"uv": [0, 0, 0.75, 0], "texture": "#0"},
				"up": {"uv": [0.5, 0, 16, 16], "texture": "#0"},
				"down": {"uv": [0, 0, 1.5, 0.75], "texture": "#0", "rotation": 180}
			}
		},
		{
			"from": [14.20777, 0.12664, 7.40372],
			"to": [15.45777, 0.12664, 8.15372],
			"faces": {
				"north": {"uv": [0, 0, 1.25, 0], "texture": "#0"},
				"east": {"uv": [0, 0, 0.75, 0], "texture": "#0"},
				"south": {"uv": [0, 0, 1.25, 0], "texture": "#0"},
				"west": {"uv": [0, 0, 0.75, 0], "texture": "#0"},
				"up": {"uv": [0.25, 0, 16, 16], "texture": "#0"},
				"down": {"uv": [0, 0, 1.25, 0.75], "texture": "#0", "rotation": 180}
			}
		},
		{
			"from": [13.20777, 0.12664, 9.40372],
			"to": [15.45777, 0.12664, 10.15372],
			"faces": {
				"north": {"uv": [0, 0, 2.25, 0], "texture": "#0"},
				"east": {"uv": [0, 0, 0.75, 0], "texture": "#0"},
				"south": {"uv": [0, 0, 2.25, 0], "texture": "#0"},
				"west": {"uv": [0, 0, 0.75, 0], "texture": "#0"},
				"up": {"uv": [0.5, 0, 16, 16], "texture": "#0"},
				"down": {"uv": [0, 0, 2.25, 0.75], "texture": "#0", "rotation": 180}
			}
		},
		{
			"name": "space",
			"from": [4.70777, 0.12664, 10.40372],
			"to": [10.45777, 0.12664, 11.15372],
			"faces": {
				"north": {"uv": [0, 0, 5.75, 0], "texture": "#0"},
				"east": {"uv": [0, 0, 0.75, 0], "texture": "#0"},
				"south": {"uv": [0, 0, 5.75, 0], "texture": "#0"},
				"west": {"uv": [0, 0, 0.75, 0], "texture": "#0"},
				"up": {"uv": [0.85, 0, 16, 16], "texture": "#0"},
				"down": {"uv": [0, 0, 5.75, 0.75], "texture": "#0", "rotation": 180}
			}
		},
		{
			"from": [0.95777, 0.12664, 9.40372],
			"to": [2.95777, 0.12664, 10.15372],
			"faces": {
				"north": {"uv": [0, 0, 2, 0], "texture": "#0"},
				"east": {"uv": [0, 0, 0.75, 0], "texture": "#0"},
				"south": {"uv": [0, 0, 2, 0], "texture": "#0"},
				"west": {"uv": [0, 0, 0.75, 0], "texture": "#0"},
				"up": {"uv": [0.5, 0, 16, 16], "texture": "#0"},
				"down": {"uv": [0, 0, 2, 0.75], "texture": "#0", "rotation": 180}
			}
		},
		{
			"from": [0.95777, 0.12664, 8.40372],
			"to": [2.20777, 0.12664, 9.15372],
			"faces": {
				"north": {"uv": [0, 0, 1.25, 0], "texture": "#0"},
				"east": {"uv": [0, 0, 0.75, 0], "texture": "#0"},
				"south": {"uv": [0, 0, 1.25, 0], "texture": "#0"},
				"west": {"uv": [0, 0, 0.75, 0], "texture": "#0"},
				"up": {"uv": [0.35, 0, 16, 16], "texture": "#0"},
				"down": {"uv": [0, 0, 1.25, 0.75], "texture": "#0", "rotation": 180}
			}
		}
	],
	"groups": [
		{
			"name": "button",
			"isOpen": true,
			"shade": true,
			"display": {
				"visibility": true,
				"autouv": true
			},
			"children": [
				{
					"name": "small",
					"isOpen": false,
					"shade": true,
					"display": {
						"visibility": true,
						"autouv": true
					},
					"children": [0, 1, 2, 3, 4, 5, 6, 7, 8, 9, 10, 11, 12]
				},
				{
					"name": "normal",
					"isOpen": false,
					"shade": true,
					"display": {
						"visibility": true,
						"autouv": true
					},
					"children": [13, 14, 15, 16, 17, 18, 19, 20, 21, 22, 23, 24, 25, 26, 27, 28, 29, 30, 31, 32, 33, 34, 35, 36, 37, 38, 39, 40, 41, 42, 43, 44, 45, 46, 47, 48, 49, 50, 51, 52, 53, 54, 55, 56, 57, 58]
				},
				{
					"name": "group",
					"isOpen": true,
					"shade": true,
					"display": {
						"visibility": true,
						"autouv": true
					},
					"children": [59, 60, 61, 62, 63, 64, 65, 66]
				}, 67, 68, 69, 70, 71, 72, 73]
		}
	]
}