{
	"credit": "Made with Blockbench, a free, modern block model editor by JannisX11, model design by bill96012",
	"textures": {
		"0": "custom/concrete_light_blue",
		"1": "custom/concrete_black",
		"2": "custom/concrete_red",
		"3": "custom/concrete_gray",
		"4": "custom/concrete_lime",
		"5": "custom/concrete_cyan",
		"6": "custom/concrete_silver",
		"particle": "custom/concrete_black"
	},
	"elements": [
		{
			"from": [14.12963, 0.12664, 5.43586],
			"to": [14.37963, 0.37664, 5.68586],
			"faces": {
				"north": {"uv": [0, 0, 0.25, 0.25], "texture": "#4"},
				"east": {"uv": [0, 0, 0.25, 0.25], "texture": "#4"},
				"south": {"uv": [0, 0, 0.25, 0.25], "texture": "#4"},
				"west": {"uv": [0, 0, 0.25, 0.25], "texture": "#4"},
				"up": {"uv": [0, 0, 0.25, 0.25], "texture": "#4", "rotation": 180},
				"down": {"uv": [0, 0, 0.25, 0.25], "texture": "#4", "rotation": 180}
			}
		},
		{
			"from": [13.37963, 0.12664, 5.43586],
			"to": [13.62963, 0.37664, 5.68586],
			"faces": {
				"north": {"uv": [0, 0, 0.25, 0.25], "texture": "#4"},
				"east": {"uv": [0, 0, 0.25, 0.25], "texture": "#4"},
				"south": {"uv": [0, 0, 0.25, 0.25], "texture": "#4"},
				"west": {"uv": [0, 0, 0.25, 0.25], "texture": "#4"},
				"up": {"uv": [0, 0, 0.25, 0.25], "texture": "#4", "rotation": 180},
				"down": {"uv": [0, 0, 0.25, 0.25], "texture": "#4", "rotation": 180}
			}
		},
		{
			"from": [12.62963, 0.12664, 5.43586],
			"to": [12.87963, 0.37664, 5.68586],
			"faces": {
				"north": {"uv": [0, 0, 0.25, 0.25], "texture": "#4"},
				"east": {"uv": [0, 0, 0.25, 0.25], "texture": "#4"},
				"south": {"uv": [0, 0, 0.25, 0.25], "texture": "#4"},
				"west": {"uv": [0, 0, 0.25, 0.25], "texture": "#4"},
				"up": {"uv": [0, 0, 0.25, 0.25], "texture": "#4", "rotation": 180},
				"down": {"uv": [0, 0, 0.25, 0.25], "texture": "#4", "rotation": 180}
			}
		},
		{
			"name": "base",
			"from": [-3.12037, 0.00164, 4.93586],
			"to": [19.37963, 0.25164, 11.68586],
			"faces": {
				"north": {"uv": [0, 0, 15, 0.25], "texture": "#1"},
				"east": {"uv": [0, 0, 6.75, 0.25], "texture": "#1"},
				"south": {"uv": [0, 0, 15, 0.25], "texture": "#1"},
				"west": {"uv": [0, 0, 6.75, 0.25], "texture": "#1"},
				"up": {"uv": [0, 0, 15, 6.75], "texture": "#1", "rotation": 180},
				"down": {"uv": [0, 0, 15, 6.75], "texture": "#1", "rotation": 180}
			}
		},
		{
			"from": [9.87963, 0.12664, 5.18586],
			"to": [10.62963, 0.37664, 5.68586],
			"faces": {
				"north": {"uv": [0, 0, 0.75, 0.25], "texture": "#0"},
				"east": {"uv": [0, 0, 0.5, 0.25], "texture": "#0"},
				"south": {"uv": [0, 0, 0.75, 0.25], "texture": "#0"},
				"west": {"uv": [0, 0, 0.5, 0.25], "texture": "#0"},
				"up": {"uv": [0, 0, 0.75, 0.5], "texture": "#0", "rotation": 180},
				"down": {"uv": [0, 0, 0.75, 0.5], "texture": "#0", "rotation": 180}
			}
		},
		{
			"from": [8.87963, 0.12664, 5.18586],
			"to": [9.62963, 0.37664, 5.68586],
			"faces": {
				"north": {"uv": [0, 0, 0.75, 0.25], "texture": "#0"},
				"east": {"uv": [0, 0, 0.5, 0.25], "texture": "#0"},
				"south": {"uv": [0, 0, 0.75, 0.25], "texture": "#0"},
				"west": {"uv": [0, 0, 0.5, 0.25], "texture": "#0"},
				"up": {"uv": [0, 0, 0.75, 0.5], "texture": "#0", "rotation": 180},
				"down": {"uv": [0, 0, 0.75, 0.5], "texture": "#0", "rotation": 180}
			}
		},
		{
			"from": [7.87963, 0.12664, 5.18586],
			"to": [8.62963, 0.37664, 5.68586],
			"faces": {
				"north": {"uv": [0, 0, 0.75, 0.25], "texture": "#0"},
				"east": {"uv": [0, 0, 0.5, 0.25], "texture": "#0"},
				"south": {"uv": [0, 0, 0.75, 0.25], "texture": "#0"},
				"west": {"uv": [0, 0, 0.5, 0.25], "texture": "#0"},
				"up": {"uv": [0, 0, 0.75, 0.5], "texture": "#0", "rotation": 180},
				"down": {"uv": [0, 0, 0.75, 0.5], "texture": "#0", "rotation": 180}
			}
		},
		{
			"from": [6.87963, 0.12664, 5.18586],
			"to": [7.62963, 0.37664, 5.68586],
			"faces": {
				"north": {"uv": [0, 0, 0.75, 0.25], "texture": "#0"},
				"east": {"uv": [0, 0, 0.5, 0.25], "texture": "#0"},
				"south": {"uv": [0, 0, 0.75, 0.25], "texture": "#0"},
				"west": {"uv": [0, 0, 0.5, 0.25], "texture": "#0"},
				"up": {"uv": [0, 0, 0.75, 0.5], "texture": "#0", "rotation": 180},
				"down": {"uv": [0, 0, 0.75, 0.5], "texture": "#0", "rotation": 180}
			}
		},
		{
			"from": [5.62963, 0.12664, 5.18586],
			"to": [6.37963, 0.37664, 5.68586],
			"faces": {
				"north": {"uv": [0, 0, 0.75, 0.25], "texture": "#0"},
				"east": {"uv": [0, 0, 0.5, 0.25], "texture": "#0"},
				"south": {"uv": [0, 0, 0.75, 0.25], "texture": "#0"},
				"west": {"uv": [0, 0, 0.5, 0.25], "texture": "#0"},
				"up": {"uv": [0, 0, 0.75, 0.5], "texture": "#0", "rotation": 180},
				"down": {"uv": [0, 0, 0.75, 0.5], "texture": "#0", "rotation": 180}
			}
		},
		{
			"from": [4.62963, 0.12664, 5.18586],
			"to": [5.37963, 0.37664, 5.68586],
			"faces": {
				"north": {"uv": [0, 0, 0.75, 0.25], "texture": "#0"},
				"east": {"uv": [0, 0, 0.5, 0.25], "texture": "#0"},
				"south": {"uv": [0, 0, 0.75, 0.25], "texture": "#0"},
				"west": {"uv": [0, 0, 0.5, 0.25], "texture": "#0"},
				"up": {"uv": [0, 0, 0.75, 0.5], "texture": "#0", "rotation": 180},
				"down": {"uv": [0, 0, 0.75, 0.5], "texture": "#0", "rotation": 180}
			}
		},
		{
			"from": [3.62963, 0.12664, 5.18586],
			"to": [4.37963, 0.37664, 5.68586],
			"faces": {
				"north": {"uv": [0, 0, 0.75, 0.25], "texture": "#0"},
				"east": {"uv": [0, 0, 0.5, 0.25], "texture": "#0"},
				"south": {"uv": [0, 0, 0.75, 0.25], "texture": "#0"},
				"west": {"uv": [0, 0, 0.5, 0.25], "texture": "#0"},
				"up": {"uv": [0, 0, 0.75, 0.5], "texture": "#0", "rotation": 180},
				"down": {"uv": [0, 0, 0.75, 0.5], "texture": "#0", "rotation": 180}
			}
		},
		{
			"from": [2.62963, 0.12664, 5.18586],
			"to": [3.37963, 0.37664, 5.68586],
			"faces": {
				"north": {"uv": [0, 0, 0.75, 0.25], "texture": "#0"},
				"east": {"uv": [0, 0, 0.5, 0.25], "texture": "#0"},
				"south": {"uv": [0, 0, 0.75, 0.25], "texture": "#0"},
				"west": {"uv": [0, 0, 0.5, 0.25], "texture": "#0"},
				"up": {"uv": [0, 0, 0.75, 0.5], "texture": "#0", "rotation": 180},
				"down": {"uv": [0, 0, 0.75, 0.5], "texture": "#0", "rotation": 180}
			}
		},
		{
			"from": [1.37963, 0.12664, 5.18586],
			"to": [2.12963, 0.37664, 5.68586],
			"faces": {
				"north": {"uv": [0, 0, 0.75, 0.25], "texture": "#0"},
				"east": {"uv": [0, 0, 0.5, 0.25], "texture": "#0"},
				"south": {"uv": [0, 0, 0.75, 0.25], "texture": "#0"},
				"west": {"uv": [0, 0, 0.5, 0.25], "texture": "#0"},
				"up": {"uv": [0, 0, 0.75, 0.5], "texture": "#0", "rotation": 180},
				"down": {"uv": [0, 0, 0.75, 0.5], "texture": "#0", "rotation": 180}
			}
		},
		{
			"from": [0.37963, 0.12664, 5.18586],
			"to": [1.12963, 0.37664, 5.68586],
			"faces": {
				"north": {"uv": [0, 0, 0.75, 0.25], "texture": "#0"},
				"east": {"uv": [0, 0, 0.5, 0.25], "texture": "#0"},
				"south": {"uv": [0, 0, 0.75, 0.25], "texture": "#0"},
				"west": {"uv": [0, 0, 0.5, 0.25], "texture": "#0"},
				"up": {"uv": [0, 0, 0.75, 0.5], "texture": "#0", "rotation": 180},
				"down": {"uv": [0, 0, 0.75, 0.5], "texture": "#0", "rotation": 180}
			}
		},
		{
			"from": [-0.62037, 0.12664, 5.18586],
			"to": [0.12963, 0.37664, 5.68586],
			"faces": {
				"north": {"uv": [0, 0, 0.75, 0.25], "texture": "#0"},
				"east": {"uv": [0, 0, 0.5, 0.25], "texture": "#0"},
				"south": {"uv": [0, 0, 0.75, 0.25], "texture": "#0"},
				"west": {"uv": [0, 0, 0.5, 0.25], "texture": "#0"},
				"up": {"uv": [0, 0, 0.75, 0.5], "texture": "#0", "rotation": 180},
				"down": {"uv": [0, 0, 0.75, 0.5], "texture": "#0", "rotation": 180}
			}
		},
		{
			"from": [-1.62037, 0.12664, 5.18586],
			"to": [-0.87037, 0.37664, 5.68586],
			"faces": {
				"north": {"uv": [0, 0, 0.75, 0.25], "texture": "#0"},
				"east": {"uv": [0, 0, 0.5, 0.25], "texture": "#0"},
				"south": {"uv": [0, 0, 0.75, 0.25], "texture": "#0"},
				"west": {"uv": [0, 0, 0.5, 0.25], "texture": "#0"},
				"up": {"uv": [0, 0, 0.75, 0.5], "texture": "#0", "rotation": 180},
				"down": {"uv": [0, 0, 0.75, 0.5], "texture": "#0", "rotation": 180}
			}
		},
		{
			"from": [9.12963, 0.12664, 6.43586],
			"to": [9.87963, 0.37664, 7.18586],
			"faces": {
				"north": {"uv": [0, 0, 0.75, 0.25], "texture": "#3"},
				"east": {"uv": [0, 0, 0.75, 0.25], "texture": "#3"},
				"south": {"uv": [0, 0, 0.75, 0.25], "texture": "#3"},
				"west": {"uv": [0, 0, 0.75, 0.25], "texture": "#3"},
				"up": {"uv": [0, 0, 0.75, 0.75], "texture": "#3", "rotation": 180},
				"down": {"uv": [0, 0, 0.75, 0.75], "texture": "#3", "rotation": 180}
			}
		},
		{
			"from": [12.12963, 0.12664, 7.43586],
			"to": [12.87963, 0.37664, 8.18586],
			"faces": {
				"north": {"uv": [0, 0, 0.75, 0.25], "texture": "#3"},
				"east": {"uv": [0, 0, 0.75, 0.25], "texture": "#3"},
				"south": {"uv": [0, 0, 0.75, 0.25], "texture": "#3"},
				"west": {"uv": [0, 0, 0.75, 0.25], "texture": "#3"},
				"up": {"uv": [0, 0, 0.75, 0.75], "texture": "#3", "rotation": 180},
				"down": {"uv": [0, 0, 0.75, 0.75], "texture": "#3", "rotation": 180}
			}
		},
		{
			"from": [14.12963, 0.12664, 10.43586],
			"to": [14.87963, 0.37664, 11.18586],
			"faces": {
				"north": {"uv": [0, 0, 0.75, 0.25], "texture": "#2"},
				"east": {"uv": [0, 0, 0.75, 0.25], "texture": "#2"},
				"south": {"uv": [0, 0, 0.75, 0.25], "texture": "#2"},
				"west": {"uv": [0, 0, 0.75, 0.25], "texture": "#2"},
				"up": {"uv": [0, 0, 0.75, 0.75], "texture": "#2", "rotation": 180},
				"down": {"uv": [0, 0, 0.75, 0.75], "texture": "#2", "rotation": 180}
			}
		},
		{
			"from": [12.12963, 0.12664, 10.43586],
			"to": [12.87963, 0.37664, 11.18586],
			"faces": {
				"north": {"uv": [0, 0, 0.75, 0.25], "texture": "#2"},
				"east": {"uv": [0, 0, 0.75, 0.25], "texture": "#2"},
				"south": {"uv": [0, 0, 0.75, 0.25], "texture": "#2"},
				"west": {"uv": [0, 0, 0.75, 0.25], "texture": "#2"},
				"up": {"uv": [0, 0, 0.75, 0.75], "texture": "#2", "rotation": 180},
				"down": {"uv": [0, 0, 0.75, 0.75], "texture": "#2", "rotation": 180}
			}
		},
		{
			"from": [13.12963, 0.12664, 10.43586],
			"to": [13.87963, 0.37664, 11.18586],
			"faces": {
				"north": {"uv": [0, 0, 0.75, 0.25], "texture": "#2"},
				"east": {"uv": [0, 0, 0.75, 0.25], "texture": "#2"},
				"south": {"uv": [0, 0, 0.75, 0.25], "texture": "#2"},
				"west": {"uv": [0, 0, 0.75, 0.25], "texture": "#2"},
				"up": {"uv": [0, 0, 0.75, 0.75], "texture": "#2", "rotation": 180},
				"down": {"uv": [0, 0, 0.75, 0.75], "texture": "#2", "rotation": 180}
			}
		},
		{
			"from": [13.12963, 0.12664, 9.43586],
			"to": [13.87963, 0.37664, 10.18586],
			"faces": {
				"north": {"uv": [0, 0, 0.75, 0.25], "texture": "#2"},
				"east": {"uv": [0, 0, 0.75, 0.25], "texture": "#2"},
				"south": {"uv": [0, 0, 0.75, 0.25], "texture": "#2"},
				"west": {"uv": [0, 0, 0.75, 0.25], "texture": "#2"},
				"up": {"uv": [0, 0, 0.75, 0.75], "texture": "#2", "rotation": 180},
				"down": {"uv": [0, 0, 0.75, 0.75], "texture": "#2", "rotation": 180}
			}
		},
		{
			"from": [13.12963, 0.12664, 7.43586],
			"to": [13.87963, 0.37664, 8.18586],
			"faces": {
				"north": {"uv": [0, 0, 0.75, 0.25], "texture": "#3"},
				"east": {"uv": [0, 0, 0.75, 0.25], "texture": "#3"},
				"south": {"uv": [0, 0, 0.75, 0.25], "texture": "#3"},
				"west": {"uv": [0, 0, 0.75, 0.25], "texture": "#3"},
				"up": {"uv": [0, 0, 0.75, 0.75], "texture": "#3", "rotation": 180},
				"down": {"uv": [0, 0, 0.75, 0.75], "texture": "#3", "rotation": 180}
			}
		},
		{
			"from": [15.37963, 0.12664, 10.43586],
			"to": [17.12963, 0.37664, 11.18586],
			"faces": {
				"north": {"uv": [0, 0, 1.75, 0.25], "texture": "#3"},
				"east": {"uv": [0, 0, 0.75, 0.25], "texture": "#3"},
				"south": {"uv": [0, 0, 1.75, 0.25], "texture": "#3"},
				"west": {"uv": [0, 0, 0.75, 0.25], "texture": "#3"},
				"up": {"uv": [0, 0, 1.75, 0.75], "texture": "#3", "rotation": 180},
				"down": {"uv": [0, 0, 1.75, 0.75], "texture": "#3", "rotation": 180}
			}
		},
		{
			"from": [15.37963, 0.12664, 9.43586],
			"to": [16.12963, 0.37664, 10.18586],
			"faces": {
				"north": {"uv": [0, 0, 0.75, 0.25], "texture": "#3"},
				"east": {"uv": [0, 0, 0.75, 0.25], "texture": "#3"},
				"south": {"uv": [0, 0, 0.75, 0.25], "texture": "#3"},
				"west": {"uv": [0, 0, 0.75, 0.25], "texture": "#3"},
				"up": {"uv": [0, 0, 0.75, 0.75], "texture": "#3", "rotation": 180},
				"down": {"uv": [0, 0, 0.75, 0.75], "texture": "#3", "rotation": 180}
			}
		},
		{
			"from": [16.37963, 0.12664, 9.43586],
			"to": [17.12963, 0.37664, 10.18586],
			"faces": {
				"north": {"uv": [0, 0, 0.75, 0.25], "texture": "#3"},
				"east": {"uv": [0, 0, 0.75, 0.25], "texture": "#3"},
				"south": {"uv": [0, 0, 0.75, 0.25], "texture": "#3"},
				"west": {"uv": [0, 0, 0.75, 0.25], "texture": "#3"},
				"up": {"uv": [0, 0, 0.75, 0.75], "texture": "#3", "rotation": 180},
				"down": {"uv": [0, 0, 0.75, 0.75], "texture": "#3", "rotation": 180}
			}
		},
		{
			"from": [18.37963, 0.12664, 7.43586],
			"to": [19.12963, 0.37664, 9.18586],
			"faces": {
				"north": {"uv": [0, 0, 0.75, 0.25], "texture": "#3"},
				"east": {"uv": [0, 0, 1.75, 0.25], "texture": "#3"},
				"south": {"uv": [0, 0, 0.75, 0.25], "texture": "#3"},
				"west": {"uv": [0, 0, 1.75, 0.25], "texture": "#3"},
				"up": {"uv": [0, 0, 0.75, 1.75], "texture": "#3", "rotation": 180},
				"down": {"uv": [0, 0, 0.75, 1.75], "texture": "#3", "rotation": 180}
			}
		},
		{
			"from": [18.37963, 0.12664, 9.43586],
			"to": [19.12963, 0.37664, 11.18586],
			"faces": {
				"north": {"uv": [0, 0, 0.75, 0.25], "texture": "#3"},
				"east": {"uv": [0, 0, 1.75, 0.25], "texture": "#3"},
				"south": {"uv": [0, 0, 0.75, 0.25], "texture": "#3"},
				"west": {"uv": [0, 0, 1.75, 0.25], "texture": "#3"},
				"up": {"uv": [0, 0, 0.75, 1.75], "texture": "#3", "rotation": 180},
				"down": {"uv": [0, 0, 0.75, 1.75], "texture": "#3", "rotation": 180}
			}
		},
		{
			"from": [17.37963, 0.12664, 10.43586],
			"to": [18.12963, 0.37664, 11.18586],
			"faces": {
				"north": {"uv": [0, 0, 0.75, 0.25], "texture": "#3"},
				"east": {"uv": [0, 0, 0.75, 0.25], "texture": "#3"},
				"south": {"uv": [0, 0, 0.75, 0.25], "texture": "#3"},
				"west": {"uv": [0, 0, 0.75, 0.25], "texture": "#3"},
				"up": {"uv": [0, 0, 0.75, 0.75], "texture": "#3", "rotation": 180},
				"down": {"uv": [0, 0, 0.75, 0.75], "texture": "#3", "rotation": 180}
			}
		},
		{
			"from": [17.37963, 0.12664, 9.43586],
			"to": [18.12963, 0.37664, 10.18586],
			"faces": {
				"north": {"uv": [0, 0, 0.75, 0.25], "texture": "#3"},
				"east": {"uv": [0, 0, 0.75, 0.25], "texture": "#3"},
				"south": {"uv": [0, 0, 0.75, 0.25], "texture": "#3"},
				"west": {"uv": [0, 0, 0.75, 0.25], "texture": "#3"},
				"up": {"uv": [0, 0, 0.75, 0.75], "texture": "#3", "rotation": 180},
				"down": {"uv": [0, 0, 0.75, 0.75], "texture": "#3", "rotation": 180}
			}
		},
		{
			"from": [17.37963, 0.12664, 8.43586],
			"to": [18.12963, 0.37664, 9.18586],
			"faces": {
				"north": {"uv": [0, 0, 0.75, 0.25], "texture": "#3"},
				"east": {"uv": [0, 0, 0.75, 0.25], "texture": "#3"},
				"south": {"uv": [0, 0, 0.75, 0.25], "texture": "#3"},
				"west": {"uv": [0, 0, 0.75, 0.25], "texture": "#3"},
				"up": {"uv": [0, 0, 0.75, 0.75], "texture": "#3", "rotation": 180},
				"down": {"uv": [0, 0, 0.75, 0.75], "texture": "#3", "rotation": 180}
			}
		},
		{
			"from": [15.37963, 0.12664, 8.43586],
			"to": [16.12963, 0.37664, 9.18586],
			"faces": {
				"north": {"uv": [0, 0, 0.75, 0.25], "texture": "#3"},
				"east": {"uv": [0, 0, 0.75, 0.25], "texture": "#3"},
				"south": {"uv": [0, 0, 0.75, 0.25], "texture": "#3"},
				"west": {"uv": [0, 0, 0.75, 0.25], "texture": "#3"},
				"up": {"uv": [0, 0, 0.75, 0.75], "texture": "#3", "rotation": 180},
				"down": {"uv": [0, 0, 0.75, 0.75], "texture": "#3", "rotation": 180}
			}
		},
		{
			"from": [16.37963, 0.12664, 8.43586],
			"to": [17.12963, 0.37664, 9.18586],
			"faces": {
				"north": {"uv": [0, 0, 0.75, 0.25], "texture": "#3"},
				"east": {"uv": [0, 0, 0.75, 0.25], "texture": "#3"},
				"south": {"uv": [0, 0, 0.75, 0.25], "texture": "#3"},
				"west": {"uv": [0, 0, 0.75, 0.25], "texture": "#3"},
				"up": {"uv": [0, 0, 0.75, 0.75], "texture": "#3", "rotation": 180},
				"down": {"uv": [0, 0, 0.75, 0.75], "texture": "#3", "rotation": 180}
			}
		},
		{
			"from": [16.37963, 0.12664, 7.43586],
			"to": [17.12963, 0.37664, 8.18586],
			"faces": {
				"north": {"uv": [0, 0, 0.75, 0.25], "texture": "#3"},
				"east": {"uv": [0, 0, 0.75, 0.25], "texture": "#3"},
				"south": {"uv": [0, 0, 0.75, 0.25], "texture": "#3"},
				"west": {"uv": [0, 0, 0.75, 0.25], "texture": "#3"},
				"up": {"uv": [0, 0, 0.75, 0.75], "texture": "#3", "rotation": 180},
				"down": {"uv": [0, 0, 0.75, 0.75], "texture": "#3", "rotation": 180}
			}
		},
		{
			"from": [17.37963, 0.12664, 7.43586],
			"to": [18.12963, 0.37664, 8.18586],
			"faces": {
				"north": {"uv": [0, 0, 0.75, 0.25], "texture": "#3"},
				"east": {"uv": [0, 0, 0.75, 0.25], "texture": "#3"},
				"south": {"uv": [0, 0, 0.75, 0.25], "texture": "#3"},
				"west": {"uv": [0, 0, 0.75, 0.25], "texture": "#3"},
				"up": {"uv": [0, 0, 0.75, 0.75], "texture": "#3", "rotation": 180},
				"down": {"uv": [0, 0, 0.75, 0.75], "texture": "#3", "rotation": 180}
			}
		},
		{
			"from": [18.37963, 0.12664, 6.43586],
			"to": [19.12963, 0.37664, 7.18586],
			"faces": {
				"north": {"uv": [0, 0, 0.75, 0.25], "texture": "#3"},
				"east": {"uv": [0, 0, 0.75, 0.25], "texture": "#3"},
				"south": {"uv": [0, 0, 0.75, 0.25], "texture": "#3"},
				"west": {"uv": [0, 0, 0.75, 0.25], "texture": "#3"},
				"up": {"uv": [0, 0, 0.75, 0.75], "texture": "#3", "rotation": 180},
				"down": {"uv": [0, 0, 0.75, 0.75], "texture": "#3", "rotation": 180}
			}
		},
		{
			"from": [17.37963, 0.12664, 6.43586],
			"to": [18.12963, 0.37664, 7.18586],
			"faces": {
				"north": {"uv": [0, 0, 0.75, 0.25], "texture": "#3"},
				"east": {"uv": [0, 0, 0.75, 0.25], "texture": "#3"},
				"south": {"uv": [0, 0, 0.75, 0.25], "texture": "#3"},
				"west": {"uv": [0, 0, 0.75, 0.25], "texture": "#3"},
				"up": {"uv": [0, 0, 0.75, 0.75], "texture": "#3", "rotation": 180},
				"down": {"uv": [0, 0, 0.75, 0.75], "texture": "#3", "rotation": 180}
			}
		},
		{
			"from": [17.37963, 0.12664, 5.18586],
			"to": [18.12963, 0.37664, 5.68586],
			"faces": {
				"north": {"uv": [0, 0, 0.75, 0.25], "texture": "#3"},
				"east": {"uv": [0, 0, 0.5, 0.25], "texture": "#3"},
				"south": {"uv": [0, 0, 0.75, 0.25], "texture": "#3"},
				"west": {"uv": [0, 0, 0.5, 0.25], "texture": "#3"},
				"up": {"uv": [0, 0, 0.75, 0.5], "texture": "#3", "rotation": 180},
				"down": {"uv": [0, 0, 0.75, 0.5], "texture": "#3", "rotation": 180}
			}
		},
		{
			"from": [18.37963, 0.12664, 5.18586],
			"to": [19.12963, 0.37664, 5.68586],
			"faces": {
				"north": {"uv": [0, 0, 0.75, 0.25], "texture": "#3"},
				"east": {"uv": [0, 0, 0.5, 0.25], "texture": "#3"},
				"south": {"uv": [0, 0, 0.75, 0.25], "texture": "#3"},
				"west": {"uv": [0, 0, 0.5, 0.25], "texture": "#3"},
				"up": {"uv": [0, 0, 0.75, 0.5], "texture": "#3", "rotation": 180},
				"down": {"uv": [0, 0, 0.75, 0.5], "texture": "#3", "rotation": 180}
			}
		},
		{
			"from": [16.37963, 0.12664, 5.18586],
			"to": [17.12963, 0.37664, 5.68586],
			"faces": {
				"north": {"uv": [0, 0, 0.75, 0.25], "texture": "#3"},
				"east": {"uv": [0, 0, 0.5, 0.25], "texture": "#3"},
				"south": {"uv": [0, 0, 0.75, 0.25], "texture": "#3"},
				"west": {"uv": [0, 0, 0.5, 0.25], "texture": "#3"},
				"up": {"uv": [0, 0, 0.75, 0.5], "texture": "#3", "rotation": 180},
				"down": {"uv": [0, 0, 0.75, 0.5], "texture": "#3", "rotation": 180}
			}
		},
		{
			"from": [16.37963, 0.12664, 6.43586],
			"to": [17.12963, 0.37664, 7.18586],
			"faces": {
				"north": {"uv": [0, 0, 0.75, 0.25], "texture": "#3"},
				"east": {"uv": [0, 0, 0.75, 0.25], "texture": "#3"},
				"south": {"uv": [0, 0, 0.75, 0.25], "texture": "#3"},
				"west": {"uv": [0, 0, 0.75, 0.25], "texture": "#3"},
				"up": {"uv": [0, 0, 0.75, 0.75], "texture": "#3", "rotation": 180},
				"down": {"uv": [0, 0, 0.75, 0.75], "texture": "#3", "rotation": 180}
			}
		},
		{
			"from": [15.37963, 0.12664, 6.43586],
			"to": [16.12963, 0.37664, 7.18586],
			"faces": {
				"north": {"uv": [0, 0, 0.75, 0.25], "texture": "#3"},
				"east": {"uv": [0, 0, 0.75, 0.25], "texture": "#3"},
				"south": {"uv": [0, 0, 0.75, 0.25], "texture": "#3"},
				"west": {"uv": [0, 0, 0.75, 0.25], "texture": "#3"},
				"up": {"uv": [0, 0, 0.75, 0.75], "texture": "#3", "rotation": 180},
				"down": {"uv": [0, 0, 0.75, 0.75], "texture": "#3", "rotation": 180}
			}
		},
		{
			"from": [15.37963, 0.12664, 7.43586],
			"to": [16.12963, 0.37664, 8.18586],
			"faces": {
				"north": {"uv": [0, 0, 0.75, 0.25], "texture": "#3"},
				"east": {"uv": [0, 0, 0.75, 0.25], "texture": "#3"},
				"south": {"uv": [0, 0, 0.75, 0.25], "texture": "#3"},
				"west": {"uv": [0, 0, 0.75, 0.25], "texture": "#3"},
				"up": {"uv": [0, 0, 0.75, 0.75], "texture": "#3", "rotation": 180},
				"down": {"uv": [0, 0, 0.75, 0.75], "texture": "#3", "rotation": 180}
			}
		},
		{
			"from": [14.12963, 0.12664, 7.43586],
			"to": [14.87963, 0.37664, 8.18586],
			"faces": {
				"north": {"uv": [0, 0, 0.75, 0.25], "texture": "#3"},
				"east": {"uv": [0, 0, 0.75, 0.25], "texture": "#3"},
				"south": {"uv": [0, 0, 0.75, 0.25], "texture": "#3"},
				"west": {"uv": [0, 0, 0.75, 0.25], "texture": "#3"},
				"up": {"uv": [0, 0, 0.75, 0.75], "texture": "#3", "rotation": 180},
				"down": {"uv": [0, 0, 0.75, 0.75], "texture": "#3", "rotation": 180}
			}
		},
		{
			"from": [14.12963, 0.12664, 6.43586],
			"to": [14.87963, 0.37664, 7.18586],
			"faces": {
				"north": {"uv": [0, 0, 0.75, 0.25], "texture": "#3"},
				"east": {"uv": [0, 0, 0.75, 0.25], "texture": "#3"},
				"south": {"uv": [0, 0, 0.75, 0.25], "texture": "#3"},
				"west": {"uv": [0, 0, 0.75, 0.25], "texture": "#3"},
				"up": {"uv": [0, 0, 0.75, 0.75], "texture": "#3", "rotation": 180},
				"down": {"uv": [0, 0, 0.75, 0.75], "texture": "#3", "rotation": 180}
			}
		},
		{
			"from": [13.12963, 0.12664, 6.43586],
			"to": [13.87963, 0.37664, 7.18586],
			"faces": {
				"north": {"uv": [0, 0, 0.75, 0.25], "texture": "#3"},
				"east": {"uv": [0, 0, 0.75, 0.25], "texture": "#3"},
				"south": {"uv": [0, 0, 0.75, 0.25], "texture": "#3"},
				"west": {"uv": [0, 0, 0.75, 0.25], "texture": "#3"},
				"up": {"uv": [0, 0, 0.75, 0.75], "texture": "#3", "rotation": 180},
				"down": {"uv": [0, 0, 0.75, 0.75], "texture": "#3", "rotation": 180}
			}
		},
		{
			"from": [12.12963, 0.12664, 6.43586],
			"to": [12.87963, 0.37664, 7.18586],
			"faces": {
				"north": {"uv": [0, 0, 0.75, 0.25], "texture": "#3"},
				"east": {"uv": [0, 0, 0.75, 0.25], "texture": "#3"},
				"south": {"uv": [0, 0, 0.75, 0.25], "texture": "#3"},
				"west": {"uv": [0, 0, 0.75, 0.25], "texture": "#3"},
				"up": {"uv": [0, 0, 0.75, 0.75], "texture": "#3", "rotation": 180},
				"down": {"uv": [0, 0, 0.75, 0.75], "texture": "#3", "rotation": 180}
			}
		},
		{
			"from": [9.37963, 0.12664, 7.43586],
			"to": [10.12963, 0.37664, 8.18586],
			"faces": {
				"north": {"uv": [0, 0, 0.75, 0.25], "texture": "#3"},
				"east": {"uv": [0, 0, 0.75, 0.25], "texture": "#3"},
				"south": {"uv": [0, 0, 0.75, 0.25], "texture": "#3"},
				"west": {"uv": [0, 0, 0.75, 0.25], "texture": "#3"},
				"up": {"uv": [0, 0, 0.75, 0.75], "texture": "#3", "rotation": 180},
				"down": {"uv": [0, 0, 0.75, 0.75], "texture": "#3", "rotation": 180}
			}
		},
		{
			"from": [8.37963, 0.12664, 7.43586],
			"to": [9.12963, 0.37664, 8.18586],
			"faces": {
				"north": {"uv": [0, 0, 0.75, 0.25], "texture": "#3"},
				"east": {"uv": [0, 0, 0.75, 0.25], "texture": "#3"},
				"south": {"uv": [0, 0, 0.75, 0.25], "texture": "#3"},
				"west": {"uv": [0, 0, 0.75, 0.25], "texture": "#3"},
				"up": {"uv": [0, 0, 0.75, 0.75], "texture": "#3", "rotation": 180},
				"down": {"uv": [0, 0, 0.75, 0.75], "texture": "#3", "rotation": 180}
			}
		},
		{
			"from": [8.12963, 0.12664, 6.43586],
			"to": [8.87963, 0.37664, 7.18586],
			"faces": {
				"north": {"uv": [0, 0, 0.75, 0.25], "texture": "#3"},
				"east": {"uv": [0, 0, 0.75, 0.25], "texture": "#3"},
				"south": {"uv": [0, 0, 0.75, 0.25], "texture": "#3"},
				"west": {"uv": [0, 0, 0.75, 0.25], "texture": "#3"},
				"up": {"uv": [0, 0, 0.75, 0.75], "texture": "#3", "rotation": 180},
				"down": {"uv": [0, 0, 0.75, 0.75], "texture": "#3", "rotation": 180}
			}
		},
		{
			"from": [8.62963, 0.12664, 8.43586],
			"to": [9.37963, 0.37664, 9.18586],
			"faces": {
				"north": {"uv": [0, 0, 0.75, 0.25], "texture": "#3"},
				"east": {"uv": [0, 0, 0.75, 0.25], "texture": "#3"},
				"south": {"uv": [0, 0, 0.75, 0.25], "texture": "#3"},
				"west": {"uv": [0, 0, 0.75, 0.25], "texture": "#3"},
				"up": {"uv": [0, 0, 0.75, 0.75], "texture": "#3", "rotation": 180},
				"down": {"uv": [0, 0, 0.75, 0.75], "texture": "#3", "rotation": 180}
			}
		},
		{
			"from": [8.37963, 0.12664, 9.43586],
			"to": [9.12963, 0.37664, 10.18586],
			"faces": {
				"north": {"uv": [0, 0, 0.75, 0.25], "texture": "#3"},
				"east": {"uv": [0, 0, 0.75, 0.25], "texture": "#3"},
				"south": {"uv": [0, 0, 0.75, 0.25], "texture": "#3"},
				"west": {"uv": [0, 0, 0.75, 0.25], "texture": "#3"},
				"up": {"uv": [0, 0, 0.75, 0.75], "texture": "#3", "rotation": 180},
				"down": {"uv": [0, 0, 0.75, 0.75], "texture": "#3", "rotation": 180}
			}
		},
		{
			"from": [7.37963, 0.12664, 9.43586],
			"to": [8.12963, 0.37664, 10.18586],
			"faces": {
				"north": {"uv": [0, 0, 0.75, 0.25], "texture": "#3"},
				"east": {"uv": [0, 0, 0.75, 0.25], "texture": "#3"},
				"south": {"uv": [0, 0, 0.75, 0.25], "texture": "#3"},
				"west": {"uv": [0, 0, 0.75, 0.25], "texture": "#3"},
				"up": {"uv": [0, 0, 0.75, 0.75], "texture": "#3", "rotation": 180},
				"down": {"uv": [0, 0, 0.75, 0.75], "texture": "#3", "rotation": 180}
			}
		},
		{
			"from": [7.62963, 0.12664, 8.43586],
			"to": [8.37963, 0.37664, 9.18586],
			"faces": {
				"north": {"uv": [0, 0, 0.75, 0.25], "texture": "#3"},
				"east": {"uv": [0, 0, 0.75, 0.25], "texture": "#3"},
				"south": {"uv": [0, 0, 0.75, 0.25], "texture": "#3"},
				"west": {"uv": [0, 0, 0.75, 0.25], "texture": "#3"},
				"up": {"uv": [0, 0, 0.75, 0.75], "texture": "#3", "rotation": 180},
				"down": {"uv": [0, 0, 0.75, 0.75], "texture": "#3", "rotation": 180}
			}
		},
		{
			"from": [7.37963, 0.12664, 7.43586],
			"to": [8.12963, 0.37664, 8.18586],
			"faces": {
				"north": {"uv": [0, 0, 0.75, 0.25], "texture": "#3"},
				"east": {"uv": [0, 0, 0.75, 0.25], "texture": "#3"},
				"south": {"uv": [0, 0, 0.75, 0.25], "texture": "#3"},
				"west": {"uv": [0, 0, 0.75, 0.25], "texture": "#3"},
				"up": {"uv": [0, 0, 0.75, 0.75], "texture": "#3", "rotation": 180},
				"down": {"uv": [0, 0, 0.75, 0.75], "texture": "#3", "rotation": 180}
			}
		},
		{
			"from": [7.12963, 0.12664, 6.43586],
			"to": [7.87963, 0.37664, 7.18586],
			"faces": {
				"north": {"uv": [0, 0, 0.75, 0.25], "texture": "#6"},
				"east": {"uv": [0, 0, 0.75, 0.25], "texture": "#6"},
				"south": {"uv": [0, 0, 0.75, 0.25], "texture": "#6"},
				"west": {"uv": [0, 0, 0.75, 0.25], "texture": "#6"},
				"up": {"uv": [0, 0, 0.75, 0.75], "texture": "#6", "rotation": 180},
				"down": {"uv": [0, 0, 0.75, 0.75], "texture": "#6", "rotation": 180}
			}
		},
		{
			"from": [6.12963, 0.12664, 6.43586],
			"to": [6.87963, 0.37664, 7.18586],
			"faces": {
				"north": {"uv": [0, 0, 0.75, 0.25], "texture": "#6"},
				"east": {"uv": [0, 0, 0.75, 0.25], "texture": "#6"},
				"south": {"uv": [0, 0, 0.75, 0.25], "texture": "#6"},
				"west": {"uv": [0, 0, 0.75, 0.25], "texture": "#6"},
				"up": {"uv": [0, 0, 0.75, 0.75], "texture": "#6", "rotation": 180},
				"down": {"uv": [0, 0, 0.75, 0.75], "texture": "#6", "rotation": 180}
			}
		},
		{
			"from": [6.37963, 0.12664, 7.43586],
			"to": [7.12963, 0.37664, 8.18586],
			"faces": {
				"north": {"uv": [0, 0, 0.75, 0.25], "texture": "#3"},
				"east": {"uv": [0, 0, 0.75, 0.25], "texture": "#3"},
				"south": {"uv": [0, 0, 0.75, 0.25], "texture": "#3"},
				"west": {"uv": [0, 0, 0.75, 0.25], "texture": "#3"},
				"up": {"uv": [0, 0, 0.75, 0.75], "texture": "#3", "rotation": 180},
				"down": {"uv": [0, 0, 0.75, 0.75], "texture": "#3", "rotation": 180}
			}
		},
		{
			"from": [6.62963, 0.12664, 8.43586],
			"to": [7.37963, 0.37664, 9.18586],
			"faces": {
				"north": {"uv": [0, 0, 0.75, 0.25], "texture": "#3"},
				"east": {"uv": [0, 0, 0.75, 0.25], "texture": "#3"},
				"south": {"uv": [0, 0, 0.75, 0.25], "texture": "#3"},
				"west": {"uv": [0, 0, 0.75, 0.25], "texture": "#3"},
				"up": {"uv": [0, 0, 0.75, 0.75], "texture": "#3", "rotation": 180},
				"down": {"uv": [0, 0, 0.75, 0.75], "texture": "#3", "rotation": 180}
			}
		},
		{
			"from": [6.37963, 0.12664, 9.43586],
			"to": [7.12963, 0.37664, 10.18586],
			"faces": {
				"north": {"uv": [0, 0, 0.75, 0.25], "texture": "#3"},
				"east": {"uv": [0, 0, 0.75, 0.25], "texture": "#3"},
				"south": {"uv": [0, 0, 0.75, 0.25], "texture": "#3"},
				"west": {"uv": [0, 0, 0.75, 0.25], "texture": "#3"},
				"up": {"uv": [0, 0, 0.75, 0.75], "texture": "#3", "rotation": 180},
				"down": {"uv": [0, 0, 0.75, 0.75], "texture": "#3", "rotation": 180}
			}
		},
		{
			"from": [5.37963, 0.12664, 9.43586],
			"to": [6.12963, 0.37664, 10.18586],
			"faces": {
				"north": {"uv": [0, 0, 0.75, 0.25], "texture": "#3"},
				"east": {"uv": [0, 0, 0.75, 0.25], "texture": "#3"},
				"south": {"uv": [0, 0, 0.75, 0.25], "texture": "#3"},
				"west": {"uv": [0, 0, 0.75, 0.25], "texture": "#3"},
				"up": {"uv": [0, 0, 0.75, 0.75], "texture": "#3", "rotation": 180},
				"down": {"uv": [0, 0, 0.75, 0.75], "texture": "#3", "rotation": 180}
			}
		},
		{
			"from": [5.62963, 0.12664, 8.43586],
			"to": [6.37963, 0.37664, 9.18586],
			"faces": {
				"north": {"uv": [0, 0, 0.75, 0.25], "texture": "#3"},
				"east": {"uv": [0, 0, 0.75, 0.25], "texture": "#3"},
				"south": {"uv": [0, 0, 0.75, 0.25], "texture": "#3"},
				"west": {"uv": [0, 0, 0.75, 0.25], "texture": "#3"},
				"up": {"uv": [0, 0, 0.75, 0.75], "texture": "#3", "rotation": 180},
				"down": {"uv": [0, 0, 0.75, 0.75], "texture": "#3", "rotation": 180}
			}
		},
		{
			"from": [5.37963, 0.12664, 7.43586],
			"to": [6.12963, 0.37664, 8.18586],
			"faces": {
				"north": {"uv": [0, 0, 0.75, 0.25], "texture": "#3"},
				"east": {"uv": [0, 0, 0.75, 0.25], "texture": "#3"},
				"south": {"uv": [0, 0, 0.75, 0.25], "texture": "#3"},
				"west": {"uv": [0, 0, 0.75, 0.25], "texture": "#3"},
				"up": {"uv": [0, 0, 0.75, 0.75], "texture": "#3", "rotation": 180},
				"down": {"uv": [0, 0, 0.75, 0.75], "texture": "#3", "rotation": 180}
			}
		},
		{
			"from": [5.12963, 0.12664, 6.43586],
			"to": [5.87963, 0.37664, 7.18586],
			"faces": {
				"north": {"uv": [0, 0, 0.75, 0.25], "texture": "#6"},
				"east": {"uv": [0, 0, 0.75, 0.25], "texture": "#6"},
				"south": {"uv": [0, 0, 0.75, 0.25], "texture": "#6"},
				"west": {"uv": [0, 0, 0.75, 0.25], "texture": "#6"},
				"up": {"uv": [0, 0, 0.75, 0.75], "texture": "#6", "rotation": 180},
				"down": {"uv": [0, 0, 0.75, 0.75], "texture": "#6", "rotation": 180}
			}
		},
		{
			"from": [4.12963, 0.12664, 6.43586],
			"to": [4.87963, 0.37664, 7.18586],
			"faces": {
				"north": {"uv": [0, 0, 0.75, 0.25], "texture": "#6"},
				"east": {"uv": [0, 0, 0.75, 0.25], "texture": "#6"},
				"south": {"uv": [0, 0, 0.75, 0.25], "texture": "#6"},
				"west": {"uv": [0, 0, 0.75, 0.25], "texture": "#6"},
				"up": {"uv": [0, 0, 0.75, 0.75], "texture": "#6", "rotation": 180},
				"down": {"uv": [0, 0, 0.75, 0.75], "texture": "#6", "rotation": 180}
			}
		},
		{
			"from": [4.37963, 0.12664, 7.43586],
			"to": [5.12963, 0.37664, 8.18586],
			"faces": {
				"north": {"uv": [0, 0, 0.75, 0.25], "texture": "#3"},
				"east": {"uv": [0, 0, 0.75, 0.25], "texture": "#3"},
				"south": {"uv": [0, 0, 0.75, 0.25], "texture": "#3"},
				"west": {"uv": [0, 0, 0.75, 0.25], "texture": "#3"},
				"up": {"uv": [0, 0, 0.75, 0.75], "texture": "#3", "rotation": 180},
				"down": {"uv": [0, 0, 0.75, 0.75], "texture": "#3", "rotation": 180}
			}
		},
		{
			"from": [4.62963, 0.12664, 8.43586],
			"to": [5.37963, 0.37664, 9.18586],
			"faces": {
				"north": {"uv": [0, 0, 0.75, 0.25], "texture": "#3"},
				"east": {"uv": [0, 0, 0.75, 0.25], "texture": "#3"},
				"south": {"uv": [0, 0, 0.75, 0.25], "texture": "#3"},
				"west": {"uv": [0, 0, 0.75, 0.25], "texture": "#3"},
				"up": {"uv": [0, 0, 0.75, 0.75], "texture": "#3", "rotation": 180},
				"down": {"uv": [0, 0, 0.75, 0.75], "texture": "#3", "rotation": 180}
			}
		},
		{
			"from": [4.37963, 0.12664, 9.43586],
			"to": [5.12963, 0.37664, 10.18586],
			"faces": {
				"north": {"uv": [0, 0, 0.75, 0.25], "texture": "#3"},
				"east": {"uv": [0, 0, 0.75, 0.25], "texture": "#3"},
				"south": {"uv": [0, 0, 0.75, 0.25], "texture": "#3"},
				"west": {"uv": [0, 0, 0.75, 0.25], "texture": "#3"},
				"up": {"uv": [0, 0, 0.75, 0.75], "texture": "#3", "rotation": 180},
				"down": {"uv": [0, 0, 0.75, 0.75], "texture": "#3", "rotation": 180}
			}
		},
		{
			"from": [3.62963, 0.12664, 8.43586],
			"to": [4.37963, 0.37664, 9.18586],
			"faces": {
				"north": {"uv": [0, 0, 0.75, 0.25], "texture": "#3"},
				"east": {"uv": [0, 0, 0.75, 0.25], "texture": "#3"},
				"south": {"uv": [0, 0, 0.75, 0.25], "texture": "#3"},
				"west": {"uv": [0, 0, 0.75, 0.25], "texture": "#3"},
				"up": {"uv": [0, 0, 0.75, 0.75], "texture": "#3", "rotation": 180},
				"down": {"uv": [0, 0, 0.75, 0.75], "texture": "#3", "rotation": 180}
			}
		},
		{
			"from": [3.37963, 0.12664, 7.43586],
			"to": [4.12963, 0.37664, 8.18586],
			"faces": {
				"north": {"uv": [0, 0, 0.75, 0.25], "texture": "#3"},
				"east": {"uv": [0, 0, 0.75, 0.25], "texture": "#3"},
				"south": {"uv": [0, 0, 0.75, 0.25], "texture": "#3"},
				"west": {"uv": [0, 0, 0.75, 0.25], "texture": "#3"},
				"up": {"uv": [0, 0, 0.75, 0.75], "texture": "#3", "rotation": 180},
				"down": {"uv": [0, 0, 0.75, 0.75], "texture": "#3", "rotation": 180}
			}
		},
		{
			"from": [3.12963, 0.12664, 6.43586],
			"to": [3.87963, 0.37664, 7.18586],
			"faces": {
				"north": {"uv": [0, 0, 0.75, 0.25], "texture": "#6"},
				"east": {"uv": [0, 0, 0.75, 0.25], "texture": "#6"},
				"south": {"uv": [0, 0, 0.75, 0.25], "texture": "#6"},
				"west": {"uv": [0, 0, 0.75, 0.25], "texture": "#6"},
				"up": {"uv": [0, 0, 0.75, 0.75], "texture": "#6", "rotation": 180},
				"down": {"uv": [0, 0, 0.75, 0.75], "texture": "#6", "rotation": 180}
			}
		},
		{
			"from": [2.12963, 0.12664, 6.43586],
			"to": [2.87963, 0.37664, 7.18586],
			"faces": {
				"north": {"uv": [0, 0, 0.75, 0.25], "texture": "#6"},
				"east": {"uv": [0, 0, 0.75, 0.25], "texture": "#6"},
				"south": {"uv": [0, 0, 0.75, 0.25], "texture": "#6"},
				"west": {"uv": [0, 0, 0.75, 0.25], "texture": "#6"},
				"up": {"uv": [0, 0, 0.75, 0.75], "texture": "#6", "rotation": 180},
				"down": {"uv": [0, 0, 0.75, 0.75], "texture": "#6", "rotation": 180}
			}
		},
		{
			"from": [2.37963, 0.12664, 7.43586],
			"to": [3.12963, 0.37664, 8.18586],
			"faces": {
				"north": {"uv": [0, 0, 0.75, 0.25], "texture": "#3"},
				"east": {"uv": [0, 0, 0.75, 0.25], "texture": "#3"},
				"south": {"uv": [0, 0, 0.75, 0.25], "texture": "#3"},
				"west": {"uv": [0, 0, 0.75, 0.25], "texture": "#3"},
				"up": {"uv": [0, 0, 0.75, 0.75], "texture": "#3", "rotation": 180},
				"down": {"uv": [0, 0, 0.75, 0.75], "texture": "#3", "rotation": 180}
			}
		},
		{
			"from": [2.62963, 0.12664, 8.43586],
			"to": [3.37963, 0.37664, 9.18586],
			"faces": {
				"north": {"uv": [0, 0, 0.75, 0.25], "texture": "#3"},
				"east": {"uv": [0, 0, 0.75, 0.25], "texture": "#3"},
				"south": {"uv": [0, 0, 0.75, 0.25], "texture": "#3"},
				"west": {"uv": [0, 0, 0.75, 0.25], "texture": "#3"},
				"up": {"uv": [0, 0, 0.75, 0.75], "texture": "#3", "rotation": 180},
				"down": {"uv": [0, 0, 0.75, 0.75], "texture": "#3", "rotation": 180}
			}
		},
		{
			"from": [3.37963, 0.12664, 9.43586],
			"to": [4.12963, 0.37664, 10.18586],
			"faces": {
				"north": {"uv": [0, 0, 0.75, 0.25], "texture": "#3"},
				"east": {"uv": [0, 0, 0.75, 0.25], "texture": "#3"},
				"south": {"uv": [0, 0, 0.75, 0.25], "texture": "#3"},
				"west": {"uv": [0, 0, 0.75, 0.25], "texture": "#3"},
				"up": {"uv": [0, 0, 0.75, 0.75], "texture": "#3", "rotation": 180},
				"down": {"uv": [0, 0, 0.75, 0.75], "texture": "#3", "rotation": 180}
			}
		},
		{
			"from": [2.37963, 0.12664, 9.43586],
			"to": [3.12963, 0.37664, 10.18586],
			"faces": {
				"north": {"uv": [0, 0, 0.75, 0.25], "texture": "#3"},
				"east": {"uv": [0, 0, 0.75, 0.25], "texture": "#3"},
				"south": {"uv": [0, 0, 0.75, 0.25], "texture": "#3"},
				"west": {"uv": [0, 0, 0.75, 0.25], "texture": "#3"},
				"up": {"uv": [0, 0, 0.75, 0.75], "texture": "#3", "rotation": 180},
				"down": {"uv": [0, 0, 0.75, 0.75], "texture": "#3", "rotation": 180}
			}
		},
		{
			"from": [1.62963, 0.12664, 8.43586],
			"to": [2.37963, 0.37664, 9.18586],
			"faces": {
				"north": {"uv": [0, 0, 0.75, 0.25], "texture": "#3"},
				"east": {"uv": [0, 0, 0.75, 0.25], "texture": "#3"},
				"south": {"uv": [0, 0, 0.75, 0.25], "texture": "#3"},
				"west": {"uv": [0, 0, 0.75, 0.25], "texture": "#3"},
				"up": {"uv": [0, 0, 0.75, 0.75], "texture": "#3", "rotation": 180},
				"down": {"uv": [0, 0, 0.75, 0.75], "texture": "#3", "rotation": 180}
			}
		},
		{
			"from": [1.37963, 0.12664, 7.43586],
			"to": [2.12963, 0.37664, 8.18586],
			"faces": {
				"north": {"uv": [0, 0, 0.75, 0.25], "texture": "#3"},
				"east": {"uv": [0, 0, 0.75, 0.25], "texture": "#3"},
				"south": {"uv": [0, 0, 0.75, 0.25], "texture": "#3"},
				"west": {"uv": [0, 0, 0.75, 0.25], "texture": "#3"},
				"up": {"uv": [0, 0, 0.75, 0.75], "texture": "#3", "rotation": 180},
				"down": {"uv": [0, 0, 0.75, 0.75], "texture": "#3", "rotation": 180}
			}
		},
		{
			"from": [1.12963, 0.12664, 6.43586],
			"to": [1.87963, 0.37664, 7.18586],
			"faces": {
				"north": {"uv": [0, 0, 0.75, 0.25], "texture": "#6"},
				"east": {"uv": [0, 0, 0.75, 0.25], "texture": "#6"},
				"south": {"uv": [0, 0, 0.75, 0.25], "texture": "#6"},
				"west": {"uv": [0, 0, 0.75, 0.25], "texture": "#6"},
				"up": {"uv": [0, 0, 0.75, 0.75], "texture": "#6", "rotation": 180},
				"down": {"uv": [0, 0, 0.75, 0.75], "texture": "#6", "rotation": 180}
			}
		},
		{
			"from": [0.12963, 0.12664, 6.43586],
			"to": [0.87963, 0.37664, 7.18586],
			"faces": {
				"north": {"uv": [0, 0, 0.75, 0.25], "texture": "#6"},
				"east": {"uv": [0, 0, 0.75, 0.25], "texture": "#6"},
				"south": {"uv": [0, 0, 0.75, 0.25], "texture": "#6"},
				"west": {"uv": [0, 0, 0.75, 0.25], "texture": "#6"},
				"up": {"uv": [0, 0, 0.75, 0.75], "texture": "#6", "rotation": 180},
				"down": {"uv": [0, 0, 0.75, 0.75], "texture": "#6", "rotation": 180}
			}
		},
		{
			"from": [0.37963, 0.12664, 7.43586],
			"to": [1.12963, 0.37664, 8.18586],
			"faces": {
				"north": {"uv": [0, 0, 0.75, 0.25], "texture": "#3"},
				"east": {"uv": [0, 0, 0.75, 0.25], "texture": "#3"},
				"south": {"uv": [0, 0, 0.75, 0.25], "texture": "#3"},
				"west": {"uv": [0, 0, 0.75, 0.25], "texture": "#3"},
				"up": {"uv": [0, 0, 0.75, 0.75], "texture": "#3", "rotation": 180},
				"down": {"uv": [0, 0, 0.75, 0.75], "texture": "#3", "rotation": 180}
			}
		},
		{
			"from": [0.62963, 0.12664, 8.43586],
			"to": [1.37963, 0.37664, 9.18586],
			"faces": {
				"north": {"uv": [0, 0, 0.75, 0.25], "texture": "#2"},
				"east": {"uv": [0, 0, 0.75, 0.25], "texture": "#2"},
				"south": {"uv": [0, 0, 0.75, 0.25], "texture": "#2"},
				"west": {"uv": [0, 0, 0.75, 0.25], "texture": "#2"},
				"up": {"uv": [0, 0, 0.75, 0.75], "texture": "#2", "rotation": 180},
				"down": {"uv": [0, 0, 0.75, 0.75], "texture": "#2", "rotation": 180}
			}
		},
		{
			"from": [1.37963, 0.12664, 9.43586],
			"to": [2.12963, 0.37664, 10.18586],
			"faces": {
				"north": {"uv": [0, 0, 0.75, 0.25], "texture": "#3"},
				"east": {"uv": [0, 0, 0.75, 0.25], "texture": "#3"},
				"south": {"uv": [0, 0, 0.75, 0.25], "texture": "#3"},
				"west": {"uv": [0, 0, 0.75, 0.25], "texture": "#3"},
				"up": {"uv": [0, 0, 0.75, 0.75], "texture": "#3", "rotation": 180},
				"down": {"uv": [0, 0, 0.75, 0.75], "texture": "#3", "rotation": 180}
			}
		},
		{
			"from": [0.37963, 0.12664, 9.43586],
			"to": [1.12963, 0.37664, 10.18586],
			"faces": {
				"north": {"uv": [0, 0, 0.75, 0.25], "texture": "#3"},
				"east": {"uv": [0, 0, 0.75, 0.25], "texture": "#3"},
				"south": {"uv": [0, 0, 0.75, 0.25], "texture": "#3"},
				"west": {"uv": [0, 0, 0.75, 0.25], "texture": "#3"},
				"up": {"uv": [0, 0, 0.75, 0.75], "texture": "#3", "rotation": 180},
				"down": {"uv": [0, 0, 0.75, 0.75], "texture": "#3", "rotation": 180}
			}
		},
		{
			"from": [-0.37037, 0.12664, 8.43586],
			"to": [0.37963, 0.37664, 9.18586],
			"faces": {
				"north": {"uv": [0, 0, 0.75, 0.25], "texture": "#2"},
				"east": {"uv": [0, 0, 0.75, 0.25], "texture": "#2"},
				"south": {"uv": [0, 0, 0.75, 0.25], "texture": "#2"},
				"west": {"uv": [0, 0, 0.75, 0.25], "texture": "#2"},
				"up": {"uv": [0, 0, 0.75, 0.75], "texture": "#2", "rotation": 180},
				"down": {"uv": [0, 0, 0.75, 0.75], "texture": "#2", "rotation": 180}
			}
		},
		{
			"from": [-0.62037, 0.12664, 7.43586],
			"to": [0.12963, 0.37664, 8.18586],
			"faces": {
				"north": {"uv": [0, 0, 0.75, 0.25], "texture": "#2"},
				"east": {"uv": [0, 0, 0.75, 0.25], "texture": "#2"},
				"south": {"uv": [0, 0, 0.75, 0.25], "texture": "#2"},
				"west": {"uv": [0, 0, 0.75, 0.25], "texture": "#2"},
				"up": {"uv": [0, 0, 0.75, 0.75], "texture": "#2", "rotation": 180},
				"down": {"uv": [0, 0, 0.75, 0.75], "texture": "#2", "rotation": 180}
			}
		},
		{
			"from": [-0.87037, 0.12664, 6.43586],
			"to": [-0.12037, 0.37664, 7.18586],
			"faces": {
				"north": {"uv": [0, 0, 0.75, 0.25], "texture": "#6"},
				"east": {"uv": [0, 0, 0.75, 0.25], "texture": "#6"},
				"south": {"uv": [0, 0, 0.75, 0.25], "texture": "#6"},
				"west": {"uv": [0, 0, 0.75, 0.25], "texture": "#6"},
				"up": {"uv": [0, 0, 0.75, 0.75], "texture": "#6", "rotation": 180},
				"down": {"uv": [0, 0, 0.75, 0.75], "texture": "#6", "rotation": 180}
			}
		},
		{
			"from": [-1.87037, 0.12664, 6.43586],
			"to": [-1.12037, 0.37664, 7.18586],
			"faces": {
				"north": {"uv": [0, 0, 0.75, 0.25], "texture": "#6"},
				"east": {"uv": [0, 0, 0.75, 0.25], "texture": "#6"},
				"south": {"uv": [0, 0, 0.75, 0.25], "texture": "#6"},
				"west": {"uv": [0, 0, 0.75, 0.25], "texture": "#6"},
				"up": {"uv": [0, 0, 0.75, 0.75], "texture": "#6", "rotation": 180},
				"down": {"uv": [0, 0, 0.75, 0.75], "texture": "#6", "rotation": 180}
			}
		},
		{
			"from": [-1.62037, 0.12664, 7.43586],
			"to": [-0.87037, 0.37664, 8.18586],
			"faces": {
				"north": {"uv": [0, 0, 0.75, 0.25], "texture": "#3"},
				"east": {"uv": [0, 0, 0.75, 0.25], "texture": "#3"},
				"south": {"uv": [0, 0, 0.75, 0.25], "texture": "#3"},
				"west": {"uv": [0, 0, 0.75, 0.25], "texture": "#3"},
				"up": {"uv": [0, 0, 0.75, 0.75], "texture": "#3", "rotation": 180},
				"down": {"uv": [0, 0, 0.75, 0.75], "texture": "#3", "rotation": 180}
			}
		},
		{
			"from": [-1.37037, 0.12664, 8.43586],
			"to": [-0.62037, 0.37664, 9.18586],
			"faces": {
				"north": {"uv": [0, 0, 0.75, 0.25], "texture": "#2"},
				"east": {"uv": [0, 0, 0.75, 0.25], "texture": "#2"},
				"south": {"uv": [0, 0, 0.75, 0.25], "texture": "#2"},
				"west": {"uv": [0, 0, 0.75, 0.25], "texture": "#2"},
				"up": {"uv": [0, 0, 0.75, 0.75], "texture": "#2", "rotation": 180},
				"down": {"uv": [0, 0, 0.75, 0.75], "texture": "#2", "rotation": 180}
			}
		},
		{
			"from": [-0.62037, 0.12664, 9.43586],
			"to": [0.12963, 0.37664, 10.18586],
			"faces": {
				"north": {"uv": [0, 0, 0.75, 0.25], "texture": "#3"},
				"east": {"uv": [0, 0, 0.75, 0.25], "texture": "#3"},
				"south": {"uv": [0, 0, 0.75, 0.25], "texture": "#3"},
				"west": {"uv": [0, 0, 0.75, 0.25], "texture": "#3"},
				"up": {"uv": [0, 0, 0.75, 0.75], "texture": "#3", "rotation": 180},
				"down": {"uv": [0, 0, 0.75, 0.75], "texture": "#3", "rotation": 180}
			}
		},
		{
			"from": [-2.87037, 0.12664, 6.43586],
			"to": [-2.12037, 0.37664, 7.18586],
			"faces": {
				"north": {"uv": [0, 0, 0.75, 0.25], "texture": "#3"},
				"east": {"uv": [0, 0, 0.75, 0.25], "texture": "#3"},
				"south": {"uv": [0, 0, 0.75, 0.25], "texture": "#3"},
				"west": {"uv": [0, 0, 0.75, 0.25], "texture": "#3"},
				"up": {"uv": [0, 0, 0.75, 0.75], "texture": "#3", "rotation": 180},
				"down": {"uv": [0, 0, 0.75, 0.75], "texture": "#3", "rotation": 180}
			}
		},
		{
			"name": "esc",
			"from": [-2.87037, 0.12664, 5.18586],
			"to": [-2.12037, 0.37664, 5.68586],
			"faces": {
				"north": {"uv": [0, 0, 0.75, 0.25], "texture": "#5"},
				"east": {"uv": [0, 0, 0.5, 0.25], "texture": "#5"},
				"south": {"uv": [0, 0, 0.75, 0.25], "texture": "#5"},
				"west": {"uv": [0, 0, 0.5, 0.25], "texture": "#5"},
				"up": {"uv": [0, 0, 0.75, 0.5], "texture": "#5", "rotation": 180},
				"down": {"uv": [0, 0, 0.75, 0.5], "texture": "#5", "rotation": 180}
			}
		},
		{
			"from": [9.62963, 0.12664, 8.43586],
			"to": [11.62963, 0.37664, 9.18586],
			"faces": {
				"north": {"uv": [0, 0, 2, 0.25], "texture": "#3"},
				"east": {"uv": [0, 0, 0.75, 0.25], "texture": "#3"},
				"south": {"uv": [0, 0, 2, 0.25], "texture": "#3"},
				"west": {"uv": [0, 0, 0.75, 0.25], "texture": "#3"},
				"up": {"uv": [0, 0, 2, 0.75], "texture": "#3", "rotation": 180},
				"down": {"uv": [0, 0, 2, 0.75], "texture": "#3", "rotation": 180}
			}
		},
		{
			"from": [10.12963, 0.12664, 6.43586],
			"to": [11.62963, 0.37664, 7.18586],
			"faces": {
				"north": {"uv": [0, 0, 1.5, 0.25], "texture": "#3"},
				"east": {"uv": [0, 0, 0.75, 0.25], "texture": "#3"},
				"south": {"uv": [0, 0, 1.5, 0.25], "texture": "#3"},
				"west": {"uv": [0, 0, 0.75, 0.25], "texture": "#3"},
				"up": {"uv": [0, 0, 1.5, 0.75], "texture": "#3", "rotation": 180},
				"down": {"uv": [0, 0, 1.5, 0.75], "texture": "#3", "rotation": 180}
			}
		},
		{
			"from": [10.37963, 0.12664, 7.43586],
			"to": [11.62963, 0.37664, 8.18586],
			"faces": {
				"north": {"uv": [0, 0, 1.25, 0.25], "texture": "#3"},
				"east": {"uv": [0, 0, 0.75, 0.25], "texture": "#3"},
				"south": {"uv": [0, 0, 1.25, 0.25], "texture": "#3"},
				"west": {"uv": [0, 0, 0.75, 0.25], "texture": "#3"},
				"up": {"uv": [0, 0, 1.25, 0.75], "texture": "#3", "rotation": 180},
				"down": {"uv": [0, 0, 1.25, 0.75], "texture": "#3", "rotation": 180}
			}
		},
		{
			"from": [9.37963, 0.12664, 9.43586],
			"to": [11.62963, 0.37664, 10.18586],
			"faces": {
				"north": {"uv": [0, 0, 2.25, 0.25], "texture": "#3"},
				"east": {"uv": [0, 0, 0.75, 0.25], "texture": "#3"},
				"south": {"uv": [0, 0, 2.25, 0.25], "texture": "#3"},
				"west": {"uv": [0, 0, 0.75, 0.25], "texture": "#3"},
				"up": {"uv": [0, 0, 2.25, 0.75], "texture": "#3", "rotation": 180},
				"down": {"uv": [0, 0, 2.25, 0.75], "texture": "#3", "rotation": 180}
			}
		},
		{
			"name": "space",
			"from": [0.87963, 0.12664, 10.43586],
			"to": [6.62963, 0.37664, 11.18586],
			"faces": {
				"north": {"uv": [0, 0, 5.75, 0.25], "texture": "#2"},
				"east": {"uv": [0, 0, 0.75, 0.25], "texture": "#2"},
				"south": {"uv": [0, 0, 5.75, 0.25], "texture": "#2"},
				"west": {"uv": [0, 0, 0.75, 0.25], "texture": "#2"},
				"up": {"uv": [0, 0, 5.75, 0.75], "texture": "#2", "rotation": 180},
				"down": {"uv": [0, 0, 5.75, 0.75], "texture": "#2", "rotation": 180}
			}
		},
		{
			"from": [-2.87037, 0.12664, 9.43586],
			"to": [-0.87037, 0.37664, 10.18586],
			"faces": {
				"north": {"uv": [0, 0, 2, 0.25], "texture": "#2"},
				"east": {"uv": [0, 0, 0.75, 0.25], "texture": "#2"},
				"south": {"uv": [0, 0, 2, 0.25], "texture": "#2"},
				"west": {"uv": [0, 0, 0.75, 0.25], "texture": "#2"},
				"up": {"uv": [0, 0, 2, 0.75], "texture": "#2", "rotation": 180},
				"down": {"uv": [0, 0, 2, 0.75], "texture": "#2", "rotation": 180}
			}
		},
		{
			"from": [-2.87037, 0.12664, 8.43586],
			"to": [-1.62037, 0.37664, 9.18586],
			"faces": {
				"north": {"uv": [0, 0, 1.25, 0.25], "texture": "#3"},
				"east": {"uv": [0, 0, 0.75, 0.25], "texture": "#3"},
				"south": {"uv": [0, 0, 1.25, 0.25], "texture": "#3"},
				"west": {"uv": [0, 0, 0.75, 0.25], "texture": "#3"},
				"up": {"uv": [0, 0, 1.25, 0.75], "texture": "#3", "rotation": 180},
				"down": {"uv": [0, 0, 1.25, 0.75], "texture": "#3", "rotation": 180}
			}
		},
		{
			"from": [-2.87037, 0.12664, 7.43586],
			"to": [-1.87037, 0.37664, 8.18586],
			"faces": {
				"north": {"uv": [0, 0, 1, 0.25], "texture": "#3"},
				"east": {"uv": [0, 0, 0.75, 0.25], "texture": "#3"},
				"south": {"uv": [0, 0, 1, 0.25], "texture": "#3"},
				"west": {"uv": [0, 0, 0.75, 0.25], "texture": "#3"},
				"up": {"uv": [0, 0, 1, 0.75], "texture": "#3", "rotation": 180},
				"down": {"uv": [0, 0, 1, 0.75], "texture": "#3", "rotation": 180}
			}
		},
		{
			"from": [-2.87037, 0.12664, 10.43586],
			"to": [-1.87037, 0.37664, 11.18586],
			"faces": {
				"north": {"uv": [0, 0, 1, 0.25], "texture": "#3"},
				"east": {"uv": [0, 0, 0.75, 0.25], "texture": "#3"},
				"south": {"uv": [0, 0, 1, 0.25], "texture": "#3"},
				"west": {"uv": [0, 0, 0.75, 0.25], "texture": "#3"},
				"up": {"uv": [0, 0, 1, 0.75], "texture": "#3", "rotation": 180},
				"down": {"uv": [0, 0, 1, 0.75], "texture": "#3", "rotation": 180}
			}
		},
		{
			"from": [-1.62037, 0.12664, 10.43586],
			"to": [-0.62037, 0.37664, 11.18586],
			"faces": {
				"north": {"uv": [0, 0, 1, 0.25], "texture": "#3"},
				"east": {"uv": [0, 0, 0.75, 0.25], "texture": "#3"},
				"south": {"uv": [0, 0, 1, 0.25], "texture": "#3"},
				"west": {"uv": [0, 0, 0.75, 0.25], "texture": "#3"},
				"up": {"uv": [0, 0, 1, 0.75], "texture": "#3", "rotation": 180},
				"down": {"uv": [0, 0, 1, 0.75], "texture": "#3", "rotation": 180}
			}
		},
		{
			"from": [-0.37037, 0.12664, 10.43586],
			"to": [0.62963, 0.37664, 11.18586],
			"faces": {
				"north": {"uv": [0, 0, 1, 0.25], "texture": "#3"},
				"east": {"uv": [0, 0, 0.75, 0.25], "texture": "#3"},
				"south": {"uv": [0, 0, 1, 0.25], "texture": "#3"},
				"west": {"uv": [0, 0, 0.75, 0.25], "texture": "#3"},
				"up": {"uv": [0, 0, 1, 0.75], "texture": "#3", "rotation": 180},
				"down": {"uv": [0, 0, 1, 0.75], "texture": "#3", "rotation": 180}
			}
		},
		{
			"from": [6.87963, 0.12664, 10.43586],
			"to": [7.87963, 0.37664, 11.18586],
			"faces": {
				"north": {"uv": [0, 0, 1, 0.25], "texture": "#3"},
				"east": {"uv": [0, 0, 0.75, 0.25], "texture": "#3"},
				"south": {"uv": [0, 0, 1, 0.25], "texture": "#3"},
				"west": {"uv": [0, 0, 0.75, 0.25], "texture": "#3"},
				"up": {"uv": [0, 0, 1, 0.75], "texture": "#3", "rotation": 180},
				"down": {"uv": [0, 0, 1, 0.75], "texture": "#3", "rotation": 180}
			}
		},
		{
			"from": [8.12963, 0.12664, 10.43586],
			"to": [9.12963, 0.37664, 11.18586],
			"faces": {
				"north": {"uv": [0, 0, 1, 0.25], "texture": "#3"},
				"east": {"uv": [0, 0, 0.75, 0.25], "texture": "#3"},
				"south": {"uv": [0, 0, 1, 0.25], "texture": "#3"},
				"west": {"uv": [0, 0, 0.75, 0.25], "texture": "#3"},
				"up": {"uv": [0, 0, 1, 0.75], "texture": "#3", "rotation": 180},
				"down": {"uv": [0, 0, 1, 0.75], "texture": "#3", "rotation": 180}
			}
		},
		{
			"from": [9.37963, 0.12664, 10.43586],
			"to": [10.37963, 0.37664, 11.18586],
			"faces": {
				"north": {"uv": [0, 0, 1, 0.25], "texture": "#3"},
				"east": {"uv": [0, 0, 0.75, 0.25], "texture": "#3"},
				"south": {"uv": [0, 0, 1, 0.25], "texture": "#3"},
				"west": {"uv": [0, 0, 0.75, 0.25], "texture": "#3"},
				"up": {"uv": [0, 0, 1, 0.75], "texture": "#3", "rotation": 180},
				"down": {"uv": [0, 0, 1, 0.75], "texture": "#3", "rotation": 180}
			}
		},
		{
			"from": [10.62963, 0.12664, 10.43586],
			"to": [11.62963, 0.37664, 11.18586],
			"faces": {
				"north": {"uv": [0, 0, 1, 0.25], "texture": "#3"},
				"east": {"uv": [0, 0, 0.75, 0.25], "texture": "#3"},
				"south": {"uv": [0, 0, 1, 0.25], "texture": "#3"},
				"west": {"uv": [0, 0, 0.75, 0.25], "texture": "#3"},
				"up": {"uv": [0, 0, 1, 0.75], "texture": "#3", "rotation": 180},
				"down": {"uv": [0, 0, 1, 0.75], "texture": "#3", "rotation": 180}
			}
		}
	],
	"groups": [0, 1, 2, 3,
		{
			"name": "button",
			"isOpen": false,
			"shade": true,
			"display": {
				"visibility": true,
				"autouv": true
			},
			"children": [
				{
					"name": "f12",
					"isOpen": false,
					"shade": true,
					"display": {
						"visibility": true,
						"autouv": true
					},
					"children": [4, 5, 6, 7, 8, 9, 10, 11, 12, 13, 14, 15]
				},
				{
					"name": "normal",
					"isOpen": true,
					"shade": true,
					"display": {
						"visibility": true,
						"autouv": true
					},
					"children": [16, 17, 18, 19, 20, 21, 22, 23, 24, 25, 26, 27, 28, 29, 30, 31, 32, 33, 34, 35, 36, 37, 38, 39, 40, 41, 42, 43, 44, 45, 46, 47, 48, 49, 50, 51, 52, 53, 54, 55, 56, 57, 58, 59, 60, 61, 62, 63, 64, 65, 66, 67, 68, 69, 70, 71, 72, 73, 74, 75, 76, 77, 78, 79, 80, 81, 82, 83, 84, 85, 86, 87, 88, 89, 90, 91]
				}, 92, 93, 94, 95, 96, 97, 98, 99, 100, 101, 102, 103, 104, 105, 106, 107]
		}
	]
}