{
	"credit": "Made with Blockbench, a free, modern block model editor by JannisX11, model design by bill96012",
	"textures": {
		"0": "custom/concrete_gray",
		"1": "custom/IDE",
		"2": "custom/concrete_lime",
		"particle": "custom/concrete_gray"
	},
	"elements": [
		{
			"from": [-4.75, 1, 7.61667],
			"to": [20.75, 15, 8.86667],
			"faces": {
				"north": {"uv": [0, 3.5, 16, 12.5], "texture": "#1"},
				"east": {"uv": [0, 0, 2.5, 12], "texture": "#0"},
				"south": {"uv": [2, 2, 16, 16], "texture": "#0"},
				"west": {"uv": [0, 0, 2.5, 12], "texture": "#0"},
				"up": {"uv": [0, 0, 2.5, 12], "texture": "#0", "rotation": 270},
				"down": {"uv": [0, 0, 2.5, 12], "texture": "#0", "rotation": 90}
			}
		},
		{
			"from": [-4.75, 0, 7.36667],
			"to": [20.75, 1, 8.86667],
			"faces": {
				"north": {"uv": [0, 0, 15, 1], "texture": "#0"},
				"east": {"uv": [0, 0, 3, 1], "texture": "#0"},
				"south": {"uv": [0, 0, 15, 1], "texture": "#0"},
				"west": {"uv": [0, 0, 3, 1], "texture": "#0"},
				"up": {"uv": [0, 0, 3, 15], "texture": "#0", "rotation": 270},
				"down": {"uv": [0, 0, 2, 15], "texture": "#0", "rotation": 90}
			}
		},
		{
			"from": [-4.75, 15, 7.36667],
			"to": [21.5, 15.75, 8.86667],
			"faces": {
				"north": {"uv": [0, 0, 15, 1], "texture": "#0"},
				"east": {"uv": [0, 0, 3, 1], "texture": "#0"},
				"south": {"uv": [0, 0, 15, 1], "texture": "#0"},
				"west": {"uv": [0, 0, 3, 1], "texture": "#0"},
				"up": {"uv": [0, 0, 2, 15], "texture": "#0", "rotation": 270},
				"down": {"uv": [0, 0, 3, 15], "texture": "#0", "rotation": 90}
			}
		},
		{
			"from": [-5.5, 0, 7.36667],
			"to": [-4.75, 15.75, 8.86667],
			"faces": {
				"north": {"uv": [0, 0, 1, 15], "texture": "#0"},
				"east": {"uv": [0, 0, 3, 15], "texture": "#0"},
				"south": {"uv": [0, 0, 1, 15], "texture": "#0"},
				"west": {"uv": [0, 0, 2, 15], "texture": "#0"},
				"up": {"uv": [0, 0, 3, 1], "texture": "#0", "rotation": 270},
				"down": {"uv": [0, 0, 3, 1], "texture": "#0", "rotation": 90}
			}
		},
		{
			"from": [20.75, 0, 7.36667],
			"to": [21.5, 15, 8.86667],
			"faces": {
				"north": {"uv": [0, 0, 1, 15], "texture": "#0"},
				"east": {"uv": [0, 0, 2, 15], "texture": "#0"},
				"south": {"uv": [0, 0, 1, 15], "texture": "#0"},
				"west": {"uv": [0, 0, 3, 15], "texture": "#0"},
				"up": {"uv": [0, 0, 3, 1], "texture": "#0", "rotation": 270},
				"down": {"uv": [0, 0, 3, 1], "texture": "#0", "rotation": 90}
			}
		},
		{
			"from": [-4.25, 0.4, 7.21667],
			"to": [-3.75, 0.65, 7.36667],
			"faces": {
				"north": {"uv": [0, 0, 0.5, 0.25], "texture": "#2"},
				"east": {"uv": [0, 0, 0.15, 0.25], "texture": "#2"},
				"south": {"uv": [0, 0, 0.5, 0.25], "texture": "#2"},
				"west": {"uv": [0, 0, 0.15, 0.25], "texture": "#2"},
				"up": {"uv": [0, 0, 0.5, 0.15], "texture": "#2"},
				"down": {"uv": [0, 0, 0.5, 0.15], "texture": "#2"}
			}
		}
	],
	"display": {
		"thirdperson_righthand": {
			"scale": [0.5, 0.5, 0.5],
			"rotation": [0, 180, 0],
			"translation": [0, 3, 1]
		},
		"head": {
			"translation": [0, 0, -7],
			"scale": [0.9, 0.9, 0.9]
		},
		"ground": {
			"rotation": [0, 0, 0],
			"translation": [0, 5, 0]
		},
		"fixed": {
			"scale": [1.6, 1.6, 1.65],
			"translation": [0, 0, 0.6]
		},
		"gui": {
			"rotation": [0, 180, 0]
		},
		"thirdperson_lefthand": {
			"scale": [0.5, 0.5, 0.5],
			"rotation": [0, 180, 0],
			"translation": [0, 3, 1]
		},
		"firstperson_righthand": {
			"scale": [0.7, 0.7, 0.7],
			"rotation": [0, 170, 0],
			"translation": [0, 3, 0]
		},
		"firstperson_lefthand": {
			"scale": [0.7, 0.7, 0.7],
			"rotation": [0, 170, 0],
			"translation": [0, 3, 0]
		}
	}
}