{
	"credit": "Made with Blockbench, a free, modern block model editor by JannisX11",
	"textures": {
		"0": "custom/concrete_yellow",
		"1": "custom/concrete_silver",
		"2": "custom/concrete_white",
		"particle": "custom/concrete_yellow"
	},
	"elements": [
		{
			"name": "cube",
			"from": [5.25, 0.5, 9.25],
			"to": [10.75, 0.75, 9.5],
			"faces": {
				"north": {"uv": [0, 0, 5.5, 0.25], "texture": "#1"},
				"east": {"uv": [0, 0, 0.25, 0.25], "texture": "#1"},
				"south": {"uv": [0, 0, 5.5, 0.25], "texture": "#1"},
				"west": {"uv": [0, 0, 0.25, 0.25], "texture": "#1"},
				"up": {"uv": [0, 0, 5.5, 0.25], "texture": "#1"},
				"down": {"uv": [0, 0, 5.5, 0.25], "texture": "#1"}
			}
		},
		{
			"name": "cube",
			"from": [5.25, 0.25, 9],
			"to": [10.75, 0.5, 9.25],
			"faces": {
				"north": {"uv": [0, 0, 5.5, 0.25], "texture": "#1"},
				"east": {"uv": [0, 0, 0.25, 0.25], "texture": "#1"},
				"south": {"uv": [0, 0, 5.5, 0.25], "texture": "#1"},
				"west": {"uv": [0, 0, 0.25, 0.25], "texture": "#1"},
				"up": {"uv": [0, 0, 5.5, 0.25], "texture": "#1"},
				"down": {"uv": [0, 0, 5.5, 0.25], "texture": "#1"}
			}
		},
		{
			"name": "cube",
			"from": [5.25, 0.25, 7.25],
			"to": [10.75, 0.5, 7.5],
			"faces": {
				"north": {"uv": [0, 0, 5.5, 0.25], "texture": "#1"},
				"east": {"uv": [0, 0, 0.25, 0.25], "texture": "#1"},
				"south": {"uv": [0, 0, 5.5, 0.25], "texture": "#1"},
				"west": {"uv": [0, 0, 0.25, 0.25], "texture": "#1"},
				"up": {"uv": [0, 0, 5.5, 0.25], "texture": "#1"},
				"down": {"uv": [0, 0, 5.5, 0.25], "texture": "#1"}
			}
		},
		{
			"name": "cube",
			"from": [5.25, 0.5, 7],
			"to": [10.75, 0.75, 7.25],
			"faces": {
				"north": {"uv": [0, 0, 5.5, 0.25], "texture": "#1"},
				"east": {"uv": [0, 0, 0.25, 0.25], "texture": "#1"},
				"south": {"uv": [0, 0, 5.5, 0.25], "texture": "#1"},
				"west": {"uv": [0, 0, 0.25, 0.25], "texture": "#1"},
				"up": {"uv": [0, 0, 5.5, 0.25], "texture": "#1"},
				"down": {"uv": [0, 0, 5.5, 0.25], "texture": "#1"}
			}
		},
		{
			"name": "cube",
			"from": [5.25, 2.25, 7],
			"to": [10.75, 2.5, 7.25],
			"faces": {
				"north": {"uv": [0, 0, 5.5, 0.25], "texture": "#1"},
				"east": {"uv": [0, 0, 0.25, 0.25], "texture": "#1"},
				"south": {"uv": [0, 0, 5.5, 0.25], "texture": "#1"},
				"west": {"uv": [0, 0, 0.25, 0.25], "texture": "#1"},
				"up": {"uv": [0, 0, 5.5, 0.25], "texture": "#1"},
				"down": {"uv": [0, 0, 5.5, 0.25], "texture": "#1"}
			}
		},
		{
			"name": "cube",
			"from": [5.25, 2.25, 9.25],
			"to": [10.75, 2.5, 9.5],
			"faces": {
				"north": {"uv": [0, 0, 5.5, 0.25], "texture": "#1"},
				"east": {"uv": [0, 0, 0.25, 0.25], "texture": "#1"},
				"south": {"uv": [0, 0, 5.5, 0.25], "texture": "#1"},
				"west": {"uv": [0, 0, 0.25, 0.25], "texture": "#1"},
				"up": {"uv": [0, 0, 5.5, 0.25], "texture": "#1"},
				"down": {"uv": [0, 0, 5.5, 0.25], "texture": "#1"}
			}
		},
		{
			"name": "cube",
			"from": [5.25, 0.375, 9.125],
			"to": [10.75, 0.625, 9.375],
			"rotation": {
				"angle": 45,
				"axis": "x",
				"origin": [8, 0.5, 9.25],
				"rescale": true
			},
			"faces": {
				"north": {"uv": [0, 0, 5.5, 0.25], "texture": "#1"},
				"east": {"uv": [0, 0, 0.25, 0.25], "texture": "#1"},
				"south": {"uv": [0, 0, 5.5, 0.25], "texture": "#1"},
				"west": {"uv": [0, 0, 0.25, 0.25], "texture": "#1"},
				"up": {"uv": [0, 0, 5.5, 0.25], "texture": "#1"},
				"down": {"uv": [0, 0, 5.5, 0.25], "texture": "#1"}
			}
		},
		{
			"name": "cube",
			"from": [5.25, 0.375, 7.125],
			"to": [10.75, 0.625, 7.375],
			"rotation": {
				"angle": 45,
				"axis": "x",
				"origin": [8, 0.5, 7.25],
				"rescale": true
			},
			"faces": {
				"north": {"uv": [0, 0, 5.5, 0.25], "texture": "#1"},
				"east": {"uv": [0, 0, 0.25, 0.25], "texture": "#1"},
				"south": {"uv": [0, 0, 5.5, 0.25], "texture": "#1"},
				"west": {"uv": [0, 0, 0.25, 0.25], "texture": "#1"},
				"up": {"uv": [0, 0, 5.5, 0.25], "texture": "#1"},
				"down": {"uv": [0, 0, 5.5, 0.25], "texture": "#1"}
			}
		},
		{
			"name": "cube",
			"from": [5.25, 2.375, 7.125],
			"to": [10.75, 2.625, 7.375],
			"rotation": {
				"angle": 45,
				"axis": "x",
				"origin": [8, 2.5, 7.25],
				"rescale": true
			},
			"faces": {
				"north": {"uv": [0, 0, 5.5, 0.25], "texture": "#1"},
				"east": {"uv": [0, 0, 0.25, 0.25], "texture": "#1"},
				"south": {"uv": [0, 0, 5.5, 0.25], "texture": "#1"},
				"west": {"uv": [0, 0, 0.25, 0.25], "texture": "#1"},
				"up": {"uv": [0, 0, 5.5, 0.25], "texture": "#1"},
				"down": {"uv": [0, 0, 5.5, 0.25], "texture": "#1"}
			}
		},
		{
			"name": "cube",
			"from": [5.25, 2.375, 9.125],
			"to": [10.75, 2.625, 9.375],
			"rotation": {
				"angle": 45,
				"axis": "x",
				"origin": [8, 2.5, 9.25],
				"rescale": true
			},
			"faces": {
				"north": {"uv": [0, 0, 5.5, 0.25], "texture": "#1"},
				"east": {"uv": [0, 0, 0.25, 0.25], "texture": "#1"},
				"south": {"uv": [0, 0, 5.5, 0.25], "texture": "#1"},
				"west": {"uv": [0, 0, 0.25, 0.25], "texture": "#1"},
				"up": {"uv": [0, 0, 5.5, 0.25], "texture": "#1"},
				"down": {"uv": [0, 0, 5.5, 0.25], "texture": "#1"}
			}
		},
		{
			"name": "cube",
			"from": [5.25, 2.5, 9],
			"to": [10.75, 2.75, 9.25],
			"faces": {
				"north": {"uv": [0, 0, 5.5, 0.25], "texture": "#1"},
				"east": {"uv": [0, 0, 0.25, 0.25], "texture": "#1"},
				"south": {"uv": [0, 0, 5.5, 0.25], "texture": "#1"},
				"west": {"uv": [0, 0, 0.25, 0.25], "texture": "#1"},
				"up": {"uv": [0, 0, 5.5, 0.25], "texture": "#1"},
				"down": {"uv": [0, 0, 5.5, 0.25], "texture": "#1"}
			}
		},
		{
			"name": "cube",
			"from": [5.25, 2.5, 7.25],
			"to": [10.75, 2.75, 7.5],
			"faces": {
				"north": {"uv": [0, 0, 5.5, 0.25], "texture": "#1"},
				"east": {"uv": [0, 0, 0.25, 0.25], "texture": "#1"},
				"south": {"uv": [0, 0, 5.5, 0.25], "texture": "#1"},
				"west": {"uv": [0, 0, 0.25, 0.25], "texture": "#1"},
				"up": {"uv": [0, 0, 5.5, 0.25], "texture": "#1"},
				"down": {"uv": [0, 0, 5.5, 0.25], "texture": "#1"}
			}
		},
		{
			"name": "cube",
			"from": [5.25, 0.75, 9.25],
			"to": [10.75, 2.25, 9.5],
			"faces": {
				"north": {"uv": [0, 0, 5.5, 1.5], "texture": "#2"},
				"east": {"uv": [0, 0, 0.25, 1.5], "texture": "#2"},
				"south": {"uv": [0, 0, 5.5, 1.5], "texture": "#2"},
				"west": {"uv": [0, 0, 0.25, 1.5], "texture": "#2"},
				"up": {"uv": [0, 0, 5.5, 0.25], "texture": "#2"},
				"down": {"uv": [0, 0, 5.5, 0.25], "texture": "#2"}
			}
		},
		{
			"name": "cube",
			"from": [5.25, 0.75, 7],
			"to": [10.75, 2.25, 7.25],
			"faces": {
				"north": {"uv": [0, 0, 5.5, 1.5], "texture": "#2"},
				"east": {"uv": [0, 0, 0.25, 1.5], "texture": "#2"},
				"south": {"uv": [0, 0, 5.5, 1.5], "texture": "#2"},
				"west": {"uv": [0, 0, 0.25, 1.5], "texture": "#2"},
				"up": {"uv": [0, 0, 5.5, 0.25], "texture": "#2"},
				"down": {"uv": [0, 0, 5.5, 0.25], "texture": "#2"}
			}
		},
		{
			"name": "cube",
			"from": [5.25, 0.25, 7.5],
			"to": [10.75, 0.5, 9],
			"faces": {
				"north": {"uv": [0, 0, 5.5, 0.25], "texture": "#2"},
				"east": {"uv": [0, 0, 1.5, 0.25], "texture": "#2"},
				"south": {"uv": [0, 0, 5.5, 0.25], "texture": "#2"},
				"west": {"uv": [0, 0, 1.5, 0.25], "texture": "#2"},
				"up": {"uv": [0, 0, 5.5, 1.5], "texture": "#2"},
				"down": {"uv": [0, 0, 5.5, 1.5], "texture": "#2"}
			}
		},
		{
			"name": "cube",
			"from": [5.25, 2.5, 7.5],
			"to": [10.75, 2.75, 9],
			"faces": {
				"north": {"uv": [0, 0, 5.5, 0.25], "texture": "#2"},
				"east": {"uv": [0, 0, 1.5, 0.25], "texture": "#2"},
				"south": {"uv": [0, 0, 5.5, 0.25], "texture": "#2"},
				"west": {"uv": [0, 0, 1.5, 0.25], "texture": "#2"},
				"up": {"uv": [0, 0, 5.5, 1.5], "texture": "#2"},
				"down": {"uv": [0, 0, 5.5, 1.5], "texture": "#2"}
			}
		},
		{
			"name": "cube",
			"from": [5.25, 2, 7.25],
			"to": [10.75, 2.5, 8.75],
			"faces": {
				"north": {"uv": [0, 0, 5.5, 0.5], "texture": "#1"},
				"east": {"uv": [0, 0, 1.5, 0.5], "texture": "#1"},
				"south": {"uv": [0, 0, 5.5, 0.5], "texture": "#1"},
				"west": {"uv": [0, 0, 1.5, 0.5], "texture": "#1"},
				"up": {"uv": [0, 0, 5.5, 1.5], "texture": "#1"},
				"down": {"uv": [0, 0, 5.5, 1.5], "texture": "#1"}
			}
		},
		{
			"name": "cube",
			"from": [5.25, 0.5, 7.75],
			"to": [10.75, 1, 9.25],
			"faces": {
				"north": {"uv": [0, 0, 5.5, 0.5], "texture": "#1"},
				"east": {"uv": [0, 0, 1.5, 0.5], "texture": "#1"},
				"south": {"uv": [0, 0, 5.5, 0.5], "texture": "#1"},
				"west": {"uv": [0, 0, 1.5, 0.5], "texture": "#1"},
				"up": {"uv": [0, 0, 5.5, 1.5], "texture": "#1"},
				"down": {"uv": [0, 0, 5.5, 1.5], "texture": "#1"}
			}
		},
		{
			"name": "cube",
			"from": [5.25, 0.5, 7.25],
			"to": [10.75, 2, 7.75],
			"faces": {
				"north": {"uv": [0, 0, 5.5, 1.5], "texture": "#1"},
				"east": {"uv": [0, 0, 0.5, 1.5], "texture": "#1"},
				"south": {"uv": [0, 0, 5.5, 1.5], "texture": "#1"},
				"west": {"uv": [0, 0, 0.5, 1.5], "texture": "#1"},
				"up": {"uv": [0, 0, 5.5, 0.5], "texture": "#1"},
				"down": {"uv": [0, 0, 5.5, 0.5], "texture": "#1"}
			}
		},
		{
			"name": "cube",
			"from": [5, 0.75, 7.25],
			"to": [5.25, 2, 7.5],
			"faces": {
				"north": {
					"uv": [0, 0, 0.25, 1.25],
					"texture": "#0"
				},
				"east": {"uv": [0, 0, 0.25, 1.25], "texture": "#0"},
				"south": {
					"uv": [0, 0, 0.25, 1.25],
					"texture": "#0"
				},
				"west": {"uv": [0, 0, 0.25, 1.25], "texture": "#0"},
				"up": {"uv": [0, 0, 0.25, 0.25], "texture": "#0"},
				"down": {"uv": [0, 0, 0.25, 0.25], "texture": "#0"}
			}
		},
		{
			"name": "cube",
			"from": [5, 0.5, 7.75],
			"to": [5.25, 0.75, 9],
			"faces": {
				"north": {
					"uv": [0, 0, 0.25, 0.25],
					"texture": "#0"
				},
				"east": {"uv": [0, 0, 1.25, 0.25], "texture": "#0"},
				"south": {
					"uv": [0, 0, 0.25, 0.25],
					"texture": "#0"
				},
				"west": {"uv": [0, 0, 1.25, 0.25], "texture": "#0"},
				"up": {"uv": [0, 0, 0.25, 1.25], "texture": "#0"},
				"down": {"uv": [0, 0, 0.25, 1.25], "texture": "#0"}
			}
		},
		{
			"name": "cube",
			"from": [5, 2.25, 7.5],
			"to": [5.25, 2.5, 8.75],
			"faces": {
				"north": {
					"uv": [0, 0, 0.25, 0.25],
					"texture": "#0"
				},
				"east": {"uv": [0, 0, 1.25, 0.25], "texture": "#0"},
				"south": {
					"uv": [0, 0, 0.25, 0.25],
					"texture": "#0"
				},
				"west": {"uv": [0, 0, 1.25, 0.25], "texture": "#0"},
				"up": {"uv": [0, 0, 0.25, 1.25], "texture": "#0"},
				"down": {"uv": [0, 0, 0.25, 1.25], "texture": "#0"}
			}
		},
		{
			"name": "cube",
			"from": [5, 1, 9],
			"to": [5.25, 2.25, 9.25],
			"faces": {
				"north": {
					"uv": [0, 0, 0.25, 1.25],
					"texture": "#0"
				},
				"east": {"uv": [0, 0, 0.25, 1.25], "texture": "#0"},
				"south": {
					"uv": [0, 0, 0.25, 1.25],
					"texture": "#0"
				},
				"west": {"uv": [0, 0, 0.25, 1.25], "texture": "#0"},
				"up": {"uv": [0, 0, 0.25, 0.25], "texture": "#0"},
				"down": {"uv": [0, 0, 0.25, 0.25], "texture": "#0"}
			}
		},
		{
			"name": "cube",
			"from": [5.25, 1, 8.75],
			"to": [10.75, 2.5, 9.25],
			"faces": {
				"north": {"uv": [0, 0, 5.5, 1.5], "texture": "#1"},
				"east": {"uv": [0, 0, 0.5, 1.5], "texture": "#1"},
				"south": {"uv": [0, 0, 5.5, 1.5], "texture": "#1"},
				"west": {"uv": [0, 0, 0.5, 1.5], "texture": "#1"},
				"up": {"uv": [0, 0, 5.5, 0.5], "texture": "#1"},
				"down": {"uv": [0, 0, 5.5, 0.5], "texture": "#1"}
			}
		}
	],
	"display": {
		"thirdperson_righthand": {
			"translation": [0, 7, 1],
			"rotation": [0, 0, 0]
		},
		"thirdperson_lefthand": {"translation": [0, 7, 1]},
		"firstperson_righthand": {
			"translation": [0, 8.5, 0],
			"rotation": [-15, 0, 0]
		},
		"firstperson_lefthand": {
			"rotation": [-15, 0, 0],
			"translation": [0, 8.5, 0]
		},
		"head": {"translation": [0, 0, -7]},
		"ground": {
			"scale": [1.1, 1.1, 1.1],
			"translation": [0, 5, 0]
		},
		"fixed": {
			"scale": [2, 2, 2],
			"translation": [0, 13, -0.5]
		},
		"gui": {
			"scale": [2, 2, 2],
			"translation": [-3, 13, 0],
			"rotation": [0, 45, 15]
		}
	}
}