{
	"credit": "Made with Blockbench, a free, modern block model editor by JannisX11",
	"textures": {
		"2": "custom/hardened_clay",
		"6": "custom/obsidian"
	},
	"elements": [
		{
			"name": "cube",
			"from": [5.75, 0.5, 5.75],
			"to": [10.25, 0.75, 10.25],
			"faces": {
				"north": {"uv": [0, 0, 5, 0.25], "texture": "#2"},
				"east": {"uv": [0, 0, 5, 0.25], "texture": "#2"},
				"south": {"uv": [0, 0, 5, 0.25], "texture": "#2"},
				"west": {"uv": [0, 0, 5, 0.25], "texture": "#2"},
				"up": {"uv": [1, 1, 15, 15], "texture": "#2"},
				"down": {"uv": [1, 1, 15, 15], "texture": "#2"}
			}
		},
		{
			"name": "cube",
			"from": [5.5, 0.5, 5.5],
			"to": [5.75, 0.75, 10.25],
			"faces": {
				"north": {"uv": [1, 0, 2, 1], "texture": "#6"},
				"east": {"uv": [1, 0, 2, 16], "texture": "#6"},
				"south": {"uv": [1, 0, 2, 16], "texture": "#6"},
				"west": {
					"uv": [1, 0, 2, 16],
					"texture": "#6",
					"rotation": 90
				},
				"up": {"uv": [1, 0, 2, 16], "texture": "#6"},
				"down": {"uv": [1, 0, 2, 16], "texture": "#6"}
			}
		},
		{
			"name": "cube",
			"from": [5.75, 0.5, 5.5],
			"to": [10.5, 0.75, 5.75],
			"faces": {
				"north": {"uv": [1, 1, 16, 2], "texture": "#6"},
				"east": {"uv": [1, 1, 2, 2], "texture": "#6"},
				"south": {"uv": [1, 1, 16, 2], "texture": "#6"},
				"west": {"uv": [1, 1, 16, 2], "texture": "#6"},
				"up": {"uv": [1, 1, 16, 2], "texture": "#6"},
				"down": {"uv": [1, 1, 16, 2], "texture": "#6"}
			}
		},
		{
			"name": "cube",
			"from": [10.25, 0.5, 5.75],
			"to": [10.5, 0.75, 10.5],
			"faces": {
				"north": {"uv": [0, 14, 16, 15], "texture": "#6"},
				"east": {"uv": [0, 14, 16, 15], "texture": "#6"},
				"south": {"uv": [0, 14, 1, 15], "texture": "#6"},
				"west": {"uv": [0, 14, 16, 15], "texture": "#6"},
				"up": {
					"uv": [0, 14, 16, 15],
					"texture": "#6",
					"rotation": 90
				},
				"down": {
					"uv": [0, 14, 16, 15],
					"texture": "#6",
					"rotation": 90
				}
			}
		},
		{
			"name": "cube",
			"from": [5.5, 0.5, 10.25],
			"to": [10.25, 0.75, 10.5],
			"faces": {
				"north": {"uv": [0, 14, 16, 15], "texture": "#6"},
				"east": {"uv": [0, 14, 16, 15], "texture": "#6"},
				"south": {"uv": [0, 14, 16, 15], "texture": "#6"},
				"west": {"uv": [0, 14, 1, 15], "texture": "#6"},
				"up": {"uv": [0, 14, 16, 15], "texture": "#6"},
				"down": {"uv": [0, 14, 16, 15], "texture": "#6"}
			}
		}
	],
	"display": {
		"thirdperson_righthand": {
			"translation": [0, 2, 8],
			"rotation": [90, 0, 0]
		},
		"thirdperson_lefthand": {
			"rotation": [90, 0, 0],
			"translation": [0, 2, 8]
		},
		"firstperson_righthand": {
			"translation": [-1, 5, 10],
			"rotation": [85, 0, 0]
		},
		"firstperson_lefthand": {
			"rotation": [85, 0, 0],
			"translation": [-1, 5, 10]
		},
		"head": {
			"scale": [2, 2, 2],
			"translation": [0, 0, -21],
			"rotation": [-90, 0, 0]
		},
		"ground": {
			"scale": [1.1, 1.1, 1.1],
			"translation": [0, 5, 0]
		},
		"fixed": {
			"scale": [2.5, 2.5, 2.5],
			"translation": [0, 0, -18.5],
			"rotation": [-90, 0, 0]
		},
		"gui": {
			"scale": [3, 1, 3],
			"translation": [0, 0, 0],
			"rotation": [90, 0, 0]
		}
	},
	"groups": [
		{
			"name": "group",
			"isOpen": true,
			"shade": true,
			"display": {"visibility": true, "autouv": true},
			"children": [0, 1, 2, 3, 4]
		}
	]
}