{
	"credit": "Made with Blockbench, a free, modern block model editor by JannisX11",
	"textures": {
		"0": "custom/concrete_gray",
		"1": "custom/concrete_white",
		"2": "custom/map",
		"particle": "custom/concrete_gray"
	},
	"elements": [
		{
			"name": "cube",
			"from": [-12, 0, -12],
			"to": [27, 2, -11],
			"faces": {
				"north": {"uv": [0, 0, 15, 3], "texture": "#0"},
				"east": {"uv": [0, 0, 1, 3], "texture": "#0"},
				"south": {"uv": [0, 0, 15, 3], "texture": "#0"},
				"west": {"uv": [0, 0, 1, 3], "texture": "#0"},
				"up": {"uv": [0, 0, 15, 1], "texture": "#0"},
				"down": {"uv": [0, 0, 15, 1], "texture": "#0"}
			}
		},
		{
			"name": "cube",
			"from": [-11, 0, 27],
			"to": [28, 2, 28],
			"faces": {
				"north": {"uv": [0, 0, 15, 3], "texture": "#0"},
				"east": {"uv": [0, 0, 1, 3], "texture": "#0"},
				"south": {"uv": [0, 0, 15, 3], "texture": "#0"},
				"west": {"uv": [0, 0, 1, 3], "texture": "#0"},
				"up": {"uv": [0, 0, 15, 1], "texture": "#0"},
				"down": {"uv": [0, 0, 15, 1], "texture": "#0"}
			}
		},
		{
			"name": "cube",
			"from": [-12, 0, -11],
			"to": [-11, 2, 28],
			"faces": {
				"north": {"uv": [0, 0, 1, 3], "texture": "#0"},
				"east": {"uv": [0, 0, 15, 3], "texture": "#0"},
				"south": {"uv": [0, 0, 1, 3], "texture": "#0"},
				"west": {"uv": [0, 0, 15, 3], "texture": "#0"},
				"up": {"uv": [0, 0, 1, 15], "texture": "#0"},
				"down": {"uv": [0, 0, 1, 15], "texture": "#0"}
			}
		},
		{
			"name": "cube",
			"from": [27, 0, -12],
			"to": [28, 2, 27],
			"faces": {
				"north": {"uv": [0, 0, 1, 3], "texture": "#0"},
				"east": {"uv": [0, 0, 15, 3], "texture": "#0"},
				"south": {"uv": [0, 0, 1, 3], "texture": "#0"},
				"west": {"uv": [0, 0, 15, 3], "texture": "#0"},
				"up": {"uv": [0, 0, 1, 15], "texture": "#0"},
				"down": {"uv": [0, 0, 1, 15], "texture": "#0"}
			}
		},
		{
			"name": "base",
			"from": [-11, 0, -11],
			"to": [27, 0.25, 27],
			"faces": {
				"north": {"uv": [0, 0, 14, 0.25], "texture": "#0"},
				"east": {"uv": [0, 0, 14, 0.25], "texture": "#0"},
				"south": {"uv": [0, 0, 14, 0.25], "texture": "#0"},
				"west": {"uv": [0, 0, 14, 0.25], "texture": "#0"},
				"up": {"uv": [0, 0, 14, 14], "texture": "#0"},
				"down": {"uv": [0, 0, 14, 14], "texture": "#0"}
			}
		},
		{
			"name": "base",
			"from": [-11, 0.25, -11],
			"to": [27, 1.75, 27],
			"faces": {
				"north": {"uv": [0, 0, 14, 2.5], "texture": "#1"},
				"east": {"uv": [0, 0, 14, 2.5], "texture": "#1"},
				"south": {"uv": [0, 0, 14, 2.5], "texture": "#1"},
				"west": {"uv": [0, 0, 14, 2.5], "texture": "#1"},
				"up": {"uv": [0, 0, 16, 16], "texture": "#2"},
				"down": {"uv": [0, 0, 14, 14], "texture": "#1"}
			}
		}
	],
	"display": {
		"fixed": {
			"scale": [2, 2, 2],
			"rotation": [-90, 0, 0],
			"translation": [0, 0, -14]
		},
		"thirdperson_righthand": {
			"scale": [0.25, 0.25, 0.25],
			"rotation": [90, 0, 0],
			"translation": [0, 4, 3]
		},
		"thirdperson_lefthand": {
			"scale": [0.25, 0.25, 0.25],
			"rotation": [90, 0, 0],
			"translation": [0, 4, 3]
		},
		"firstperson_righthand": {
			"scale": [0.25, 0.25, 0.25],
			"rotation": [90, 0, 0],
			"translation": [3.5, 4, 0]
		},
		"firstperson_lefthand": {
			"scale": [0.25, 0.25, 0.25],
			"rotation": [90, 0, 0],
			"translation": [3.5, 4, 0]
		},
		"ground": {"scale": [0.25, 0.25, 0.25]},
		"gui": {
			"scale": [0.39, 0.39, 0.39],
			"rotation": [90, 0, 0]
		}
	}
}